id,titulo,fuente,cb,score,fec_creacion
9922,Banco Sabadell gana 308 millones de euros hasta marzo y eleva un 50% su beneficio,El Mundo,NO,0.9999731779098512,2024-04-25 07:45:25.131806
9923,EGM | Carlos Alsina bate su récord histórico y Carlos Herrera recupera el liderazgo de 6 a 10 de la mañana,El Mundo,NO,0.9999716281890868,2024-04-25 07:45:25.131806
9924,"El true crime de Vicente Vallés, Pablo Motos y Pedro Sánchez: 'Es un terminator líquido'",El Mundo,SI,0.967628002166748,2024-04-25 07:45:25.131806
9925,La alcaldesa de Jerez: 'No estoy en contra de la libertad de horarios comerciales; pero hay que aplicar la norma con sentido común',El Mundo,NO,0.9999544620513916,2024-04-25 07:45:25.131806
9926,Récord de plazas desiertas en los MIR por la falta de políticas sanitarias de Mónica García,El Mundo,NO,0.9999479055404664,2024-04-25 07:45:25.131806
9927,"Carla Zaplana, dietista, nutricionista y autora de 'Cultiva tu fuerza': 'Ganar masa muscular es la mejor forma de reducir la edad cronológica'",El Mundo,NO,0.9996235370635986,2024-04-25 07:45:25.131806
9928,"Las siete vidas de 'Taxi', el capo 'blanqueador' de la Mocro Mafia",El Mundo,SI,0.999943733215332,2024-04-25 07:45:25.131806
9929,"Simeone y los penaltis, Reina y el depósito del coche, las supersticiones más locas del fútbol: 'Hay que evitar que terminen en una obsesión'",El Mundo,SI,0.9998866319656372,2024-04-25 07:45:25.131806
9930,Golpe a la mafia búlgara del tabaco: La Guardia Civil a libera a 11 personas esclavizadas en una fábrica de cigarrillos falsificados,El Mundo,NO,0.9998879432678224,2024-04-25 07:45:25.131806
9931,Un año de profunda rehabilitación en las piscinas de Peñuelas: 'Las filtraciones ponen en riesgo la seguridad de los usuarios',El Mundo,NO,0.999679684638977,2024-04-25 07:45:25.131806
9932,Teresa Ribera hará campaña de las europeas desde Moncloa y no asegura su renuncia hasta ser comisaria,El Mundo,NO,0.9996236562728882,2024-04-25 07:45:25.131806
9933,Detenido por agredir sexualmente a una pareja de mujeres jóvenes junto a la Puerta del Sol,El Mundo,NO,0.999958634376526,2024-04-25 07:45:25.131806
9934,Así fue la reunión sobre la filtración de datos del novio de Ayuso: seis horas de discusión y una cúpula fiscal partida en dos,El Mundo,SI,0.9988799691200256,2024-04-25 07:45:25.131806
9935,Los indicios que han llevado al juez a investigar la denuncia contra Begoña Gómez,El Mundo,NO,0.9994264841079712,2024-04-25 07:45:25.131806
9936,Puigdemont pide a Sánchez una cuestión de confianza y el entorno del presidente avisa de que 'puede hacer cualquier cosa',El Mundo,NO,0.6514418721199036,2024-04-25 07:45:25.131806
9937,Portada de EL MUNDO del jueves 25 de abril de 2024,El Mundo,NO,0.9991946816444396,2024-04-25 07:45:25.131806
9938,El PP 'prepara el terreno' para investigar a Sánchez y su mujer en el Senado si no dimite,El Mundo,SI,0.8093975782394409,2024-04-25 07:45:25.131806
9939,Sánchez Llibre defiende que su visita a Puigdemont da fruto al votar Junts con el PP para tumbar un plan sindical del Gobierno,El Mundo,SI,0.7090871334075928,2024-04-25 07:45:25.131806
9940,"De aquel tobogán hinchable a la abeja de Rumasa: la fascinante historia de las Torres de Colón, un icono de Madrid que ahora resucita ecológico y futurista",El Mundo,SI,0.9999661445617676,2024-04-25 07:45:25.131806
9941,Candela Peña: 'Detrás de mi fama de problemática siempre hay un señor que no acepta el no de una mujer',El Mundo,SI,0.9954062700271606,2024-04-25 07:45:25.131806
9942,Por qué lo llamará amor cuando quiere decir odio,El Mundo,SI,0.9999655485153198,2024-04-25 07:45:25.131806
9943,"¿Qué pasaría si Pedro Sánchez dimite? El precedente de Suárez, 43 años atrás",El Mundo,NO,0.9625978469848632,2024-04-25 07:45:25.131806
9944,"El PSOE se declara en 'shock' tras el anuncio de Sánchez, que cancela su presencia en el arranque de la campaña catalana",El Mundo,NO,0.9999585151672364,2024-04-25 07:45:25.131806
9945,Si ser presidente merece la pena,El Mundo,SI,0.9998961687088012,2024-04-25 07:45:25.131806
9946,El Atlético de Madrid premia a Fernando Torres y le da un nuevo equipo,La Razón,NO,0.9999550580978394,2024-04-25 07:45:25.131806
9947,¿Qué pasará si Pedro Sánchez dimite? Esto es lo que dice la ley,La Razón,SI,0.9803252816200256,2024-04-25 07:45:25.131806
9948,'El Hormiguero' recibe esta noche al mejor chef del mundo,La Razón,NO,0.9994484782218932,2024-04-25 07:45:25.131806
9949,Las joyas que esconde la ciudad universitaria más impresionante de España,La Razón,SI,0.9999529123306274,2024-04-25 07:45:25.131806
9950,Espectacular caída de las aspas del Moulin Rouge en plena noche de París,La Razón,SI,0.971541702747345,2024-04-25 07:45:25.131806
9951,"Wegovy, el nuevo fármaco para adelgazar llega a España: ¿para quién está indicado?",La Razón,SI,0.9998652935028076,2024-04-25 07:45:25.131806
9952,"Juicio a Daniel Sancho en Tailandia, en directo hoy: última hora y reacciones del crimen de Edwin Arrieta",La Razón,NO,0.9999550580978394,2024-04-25 07:45:25.131806
9953,Comisión Mixta de Control Parlamentario de la Corporación RTVE,La Razón,NO,0.9999347925186156,2024-04-25 07:45:25.131806
9954,"Pía y Ricardo Pellicer no terminan de entenderse, en el capítulo de hoy de 'La Promesa'",La Razón,SI,0.9500597715377808,2024-04-25 07:45:25.131806
9955,"Ana Boyer, madre de su tercer hijo en común con Fernando Verdasco",La Razón,NO,0.99982088804245,2024-04-25 07:45:25.131806
9956,¿A quién votará Jordi Pujol el 12-M?,La Razón,SI,0.9998266100883484,2024-04-25 07:45:25.131806
9957,"Una razón de peso para quedarse: esto es lo que gana Xavi Hernández al año, al mes y a la semana",La Razón,NO,0.989011526107788,2024-04-25 07:45:25.131806
9958,"¿Cuánto cobra el presidente del Gobierno, Pedro Sánchez?",La Razón,NO,0.9426392316818236,2024-04-25 07:45:25.131806
9959,El dardo de Guti a Xavi tras su continuidad en el Barça,La Razón,NO,0.999848246574402,2024-04-25 07:45:25.131806
9960,El polémico mensaje en El Chiringuito sobre la decisión de Pedro Sánchez: 'Una botella de cava',La Razón,SI,0.9942399263381958,2024-04-25 07:45:25.131806
9961,«La cirugía robótica mejora la visualización y potencia la destreza del cirujano»,La Razón,NO,0.999908685684204,2024-04-25 07:45:25.131806
9962,'Una cuestión de formas': la ética en la creación artística ★★☆☆☆,La Razón,NO,0.9989720582962036,2024-04-25 07:45:25.131806
9963,Receta de Rillettes de Oca y Cerdo: Disfruta de esta especialidad francesa de la prestigiosa Maison Verot de P,La Razón,SI,0.9628106355667114,2024-04-25 07:45:25.131806
9964,'Camino largo de vuelta a casa': el hogar en femenino plural ★★☆☆☆,La Razón,SI,0.9997261166572572,2024-04-25 07:45:25.131806
9965,Estas son las medidas para garantizar la seguridad de los rocieros por el centro de Huelva,La Razón,NO,0.9915637969970704,2024-04-25 07:45:25.131806
9966,"Feria de la Gamba de Punta Umbría: nueva ubicación, sin tikets y apuesta por el 'tardeo'",La Razón,NO,0.9999696016311646,2024-04-25 07:45:25.131806
9967,Violencia sexual y ofrenda fúnebre,La Razón,NO,0.999161958694458,2024-04-25 07:45:25.131806
9968,"El tamaño, arqueológicamente, sí importa",La Razón,NO,0.9875417351722716,2024-04-25 07:45:25.131806
9969,Esta es la hoja de ruta de Ayuso que aleja la despoblación de la Comunidad de Madrid,La Razón,NO,0.5336573719978333,2024-04-25 07:45:25.131806
9970,Sánchez se pregunta si merece la pena seguir como presidente tras el caso de su mujer: «Necesito parar y re...,ABC.es,NO,0.9899632334709167,2024-04-25 07:45:25.131806
9971,El desayuno típico español que afecta a tu memoria a largo plazo según la ciencia,ABC.es,SI,0.9999642372131348,2024-04-25 07:45:25.131806
9972,La confesión antes de morir de un asesino lleva a la recuperación de los cuerpos de una madre y su hija 24 ...,ABC.es,NO,0.9997687935829164,2024-04-25 07:45:25.131806
9973,La Junta de Fiscales de Sala avala por la mínima el archivo de la querella del novio de Ayuso sin practicar...,ABC.es,NO,0.998271107673645,2024-04-25 07:45:25.131806
9974,El 'fallo' de protocolo con el que Pedro Sánchez recibió al Rey en los Premios Cervantes,ABC.es,NO,0.5522764325141907,2024-04-25 07:45:25.131806
9975,Una mafia china fabricó millones de monedas de 2 euros falsas en uno de los mayores 'laboratorios' de Europ...,ABC.es,NO,0.8022056221961975,2024-04-25 07:45:25.131806
9976,Una joven ingresa en la UCI tras ingerir un café con insectos de una máquina del aeropuerto de Palma,ABC.es,NO,0.9996858835220336,2024-04-25 07:45:25.131806
9977,"Jorge Rey avisa de la llegada de una nueva borrasca a España en los próximos días: «Atención, precaución»",ABC.es,NO,0.996167242527008,2024-04-25 07:45:25.131806
9978,Una experta financiera señala el error que cometen las personas que rondan los 50 años con sus ahorros,ABC.es,NO,0.9967796206474304,2024-04-25 07:45:25.131806
9979,"La vida personal de Vicente Vallés: infancia entre «chabolas», su mujer Ángeles Blanco y su doloroso divorc...",ABC.es,SI,0.9878217577934264,2024-04-25 07:45:25.131806
9980,"Joan Manuel Serrat, premio Princesa de Asturias de las Artes 2024",ABC.es,NO,0.9999687671661376,2024-04-25 07:45:25.131806
9981,Cataluña limita el alquiler temporal para evitar fugas por la nueva ley,ABC.es,NO,0.9999731779098512,2024-04-25 07:45:25.131806
9982,Un todoterreno sin control revienta un portal de la lujosa calle Lagasca y acaba chocando contra los ascens...,ABC.es,SI,0.99968421459198,2024-04-25 07:45:25.131806
9983,Un perro salchicha arranca un trozo de mejilla a una mujer en Reino Unido: «Mi vida ya no volverá a ser la ...,ABC.es,SI,0.9468176960945128,2024-04-25 07:45:25.131806
9984,Carlos Franganillo se pronuncia alto y claro sobre Broncano en TVE,ABC.es,NO,0.9999713897705078,2024-04-25 07:45:25.131806
9985,Boticaria García lanza un aviso a los que comen frutos secos: muchos lo desconocen,ABC.es,NO,0.99856036901474,2024-04-25 07:45:25.131806
9986,Contra la leyenda negra de Urraca: la gran reina española a la que maltrataba Alfonso I el Batallador,ABC.es,SI,0.9999502897262572,2024-04-25 07:45:25.131806
9987,Un veterinario explica por qué los perros ladran a unas personas y a otras no,ABC.es,SI,0.999964714050293,2024-04-25 07:45:25.131806
9988,La Aecid desguaza su valiosa biblioteca para albergar oficinas,ABC.es,NO,0.9999667406082152,2024-04-25 07:45:25.131806
9989,Sigue en directo la comparecencia de Salvador Illa en el Senado por el caso Koldo,ABC.es,NO,0.9999663829803468,2024-04-25 07:45:25.131806
9990,"Antonio Tejado a María del Monte, horas antes del robo: «Yo mañana me voy a la playa; ¿tú qué llegas mañana...",ABC.es,NO,0.9991719722747804,2024-04-25 07:45:25.131806
9991,El pueblo más barato del País Vasco para comprar una casa en 2024: 30.000 euros y 200 metros cuadrados,ABC.es,NO,0.998985469341278,2024-04-25 07:45:25.131806
9992,"Declaraciones de Daniel Sancho, en directo: última hora del juicio hoy por el presunto asesinato de Edwin A...",ABC.es,NO,0.9999376535415648,2024-04-25 07:45:25.131806
9993,Hacienda abre la puerta a que 190.000 afectados de Afinsa compensen sus pérdidas en la declaración de IRPF ...,ABC.es,NO,0.9999449253082277,2024-04-25 07:45:25.131806
9994,Madrid no sabe si el ministro Torres irá al Dos de Mayo: «Suele ponerse actos en Canarias las vísperas de f...,ABC.es,NO,0.993308424949646,2024-04-25 07:45:25.131806
9995,El jurado popular absuelve a la sexagenaria acusada de matar a su marido con demencia,ABC.es,NO,0.999968647956848,2024-04-25 07:45:25.131806
9996,La Unión Europea aprueba que se cobren las multas impuestas a los conductores en el extranjero,ABC.es,NO,0.9999721050262452,2024-04-25 07:45:25.131806
9997,"Narcotráfico, amenazas a la Princesa Amalia y blanqueo en la Costa del Sol: así es Karim Bouyakhrichan, el ...",ABC.es,NO,0.999695897102356,2024-04-25 07:45:25.131806
9998,La historia de los supuestos hijos del Zar Nicolás II que sobrevivieron a la matanza comunista,ABC.es,SI,0.9997381567955016,2024-04-25 07:45:25.131806
9999,Hamás publica un vídeo de un rehén israelí-estadounidense secuestrado en Gaza,ABC.es,NO,0.9999709129333496,2024-04-25 07:45:25.131806
10000,El PSOE hace bandera y pide a comerciantes de Los Remedios que voten el modelo actual de la Feria de Abril ...,ABC.es,NO,0.9241243004798888,2024-04-25 07:45:25.131806
10001,Podcast Testigos de Jehová: 'Los expulsados del paraíso',ABC.es,NO,0.999247431755066,2024-04-25 07:45:25.131806
10002,Thermonator: el perro robot que lanza llamaradas a distancia y cuesta 9.000 dólares,ABC.es,SI,0.9999394416809082,2024-04-25 07:45:25.131806
10003,La tercera generación de víctimas de ETA lanza una aplicación para enseñar a los jóvenes los 3.500 atentado...,ABC.es,NO,0.8449631333351135,2024-04-25 07:45:25.131806
10004,"Ángeles Blanco, sobre las dificultades de criar a su hijo junto a Vicente Vallés: «Tengo un poco de vértigo...",ABC.es,NO,0.9885912537574768,2024-04-25 07:45:25.131806
10005,Robles responde a las críticas de Yolanda Díaz y Podemos al gasto militar: «Es la única manera de evitar la...,ABC.es,NO,0.9998781681060792,2024-04-25 07:45:25.131806
10006,La extracción de semen 'post-mortem' de Tabarro permitirá a Santiago Domecq tener crías del 'mejor toro de ...,ABC.es,NO,0.9999592304229736,2024-04-25 07:45:25.131806
10007,"Suben las temperaturas a partir de hoy miércoles en Sevilla, pero con posibles lluvias",ABC.es,NO,0.9999669790267944,2024-04-25 07:45:25.131806
10008,Todo sobre la gran aventura vital y literaria de Conrad,ABC.es,SI,0.9999719858169556,2024-04-25 07:45:25.131806
10009,Las duras palabras de Paloma San Basilio contra Nebulossa: «Hay que tener un poco más de respeto»,ABC.es,SI,0.9905410408973694,2024-04-25 07:45:25.131806
10010,«Celebremos el Día Internacional de la Violación»: una oscura tendencia de TikTok inunda los colegios de Be...,ABC.es,SI,0.999881148338318,2024-04-25 07:45:25.131806
10011,Se dispara en Sevilla el polen por gramíneas en los últimos días,ABC.es,NO,0.9998619556427002,2024-04-25 07:45:25.131806
10012,El árbol más viejo de Europa está en Jaén y tiene más de 2.000 años,ABC.es,NO,0.9996726512908936,2024-04-25 07:45:25.131806
10013,David Beckham se harta de Mark Wahlberg y le demanda por 9 millones de euros,ABC.es,SI,0.5249693393707275,2024-04-25 07:45:25.131806
10014,La única discriminación que está socialmente permitida y que hay que erradicar,ABC.es,SI,0.9997844099998474,2024-04-25 07:45:25.131806
10015,Así se explica la temporada de alergias eterna,ABC.es,SI,0.9998587369918824,2024-04-25 07:45:25.131806
10016,Camisetas de fútbol cofrade: así es la marca sevillana que une dos pasiones,ABC.es,SI,0.643128514289856,2024-04-25 07:45:25.131806
10017,El Dioni de Almensilla reconoce el saqueo millonario a los vecinos del Sector F: «Lamento haberlos jodido»,ABC.es,NO,0.9998698234558104,2024-04-25 07:45:25.131806
10018,Detenida una kamikaze en estado de embriaguez y con un kilo de cocaína oculto en el pantalón,ABC.es,NO,0.9998993873596193,2024-04-25 07:45:25.131806
10019,"El ocaso de Cristina Blanco, madre de Miguel Ángel Muñoz: de vidente más famosa de la televisión a vivir en...",ABC.es,SI,0.9985191226005554,2024-04-25 07:45:25.131806
10020,"Una trabajadora del aeropuerto de Palma, en la UCI tras ingerir un café con insectos de una máquina",EL PAÍS,NO,0.9999504089355468,2024-04-25 07:45:25.131806
10021,"El pseudosindicato Manos Limpias, la máquina de denunciar que está detrás de la causa contra Begoña Gómez",EL PAÍS,SI,0.977799654006958,2024-04-25 07:45:25.131806
10022,"Frisia, la vida entre canales, marismas y pueblos marineros",EL PAÍS,NO,0.99996018409729,2024-04-25 07:45:25.131806
10023,"Trastornos del sueño, el síntoma desconocido del párkinson",EL PAÍS,NO,0.9323841333389282,2024-04-25 07:45:25.131806
10024,El cielo protector de la Tierra tiene al menos 3.700 millones de años,EL PAÍS,NO,0.9990440011024476,2024-04-25 07:45:25.131806
10025,El gran fracaso del invento que prometía revolucionar las rotondas,EL MOTOR,SI,0.9998748302459716,2024-04-25 07:45:25.131806
10026,Qué pasa cuando te mueres el mismo día que John Lennon: los artistas cuyo fallecimiento quedó eclipsado por otro,Icon,SI,0.999966025352478,2024-04-25 07:45:25.131806
10027,Cómo ahorrar en la factura de la luz,EL PAÍS,SI,0.999471127986908,2024-04-25 07:45:25.131806
10028,Ayuso sube un 33% el presupuesto de las becas de Educación Infantil para privados a las que optan familias que ganan más de 100.000 euros,EL PAÍS,NO,0.9999622106552124,2024-04-25 07:45:25.131806
10029,‘Un caballero en Moscú’: melancólico y maravilloso cuento sobre el infierno soviético,EL PAÍS,SI,0.9999297857284546,2024-04-25 07:45:25.131806
10030,Jon Bon Jovi: “El regreso de Trump resulta aterrador”,EL PAÍS,SI,0.9803047776222228,2024-04-25 07:45:25.131806
10031,En el centro ruandés que alojará a los deportados por el Reino Unido: “Entendemos lo que es tener que huir”,EL PAÍS,NO,0.9999688863754272,2024-04-25 07:45:25.131806
10032,El cuadro de Klimt perdido durante un siglo se subasta por menos de lo esperado: 30 millones,EL PAÍS,NO,0.9999721050262452,2024-04-25 07:45:25.131806
10033,La pasión por los perros delata a un peligroso fugitivo escondido en Marbella,EL PAÍS,NO,0.9999053478240968,2024-04-25 07:45:25.131806
10034,“Se parece a mi exmarido”: Gwyneth Paltrow piropea la nueva imagen de Mark Zuckerberg,EL PAÍS,SI,0.999950647354126,2024-04-25 07:45:25.131806
10035,Sánchez y Feijóo: pacto tácito de no agresión en la sesión de control,EL PAÍS,NO,0.9999641180038452,2024-04-25 07:45:25.131806
10036,La mayor movilización desde el comienzo de la guerra de Gaza agita las universidades de Estados Unidos,EL PAÍS,NO,0.9999536275863647,2024-04-25 07:45:25.131806
10037,"Takeo Kanade, ingeniero: “La visión artificial traerá la teletransportación, pero sin descomponer tu cuerpo y enviarlo al otro lugar”",EL PAÍS,NO,0.999935746192932,2024-04-25 07:45:25.131806
10038,"Liubliana, un paseo por la perla desconocida entre el este y el centro europeo",EL PAÍS,NO,0.9999393224716188,2024-04-25 07:45:25.131806
10039,Cataluña aprueba un decreto para evitar que los alquileres de temporada esquiven el límite de precios,EL PAÍS,NO,0.999963879585266,2024-04-25 07:45:25.131806
10040,Canarias contra el turismo masivo,EL PAÍS,NO,0.9999690055847168,2024-04-25 07:45:25.131806
10041,Así ha cambiado el paladar de los reyes: de opulentos festines de 17 platos a la sencilla quiche de la coronación de Carlos III,EL PAÍS,SI,0.9728073477745056,2024-04-25 07:45:25.131806
10042,El raro mamífero con trompa y patas palmeadas: el desmán ibérico se enfrenta a su extinción,EL PAÍS,NO,0.9631792902946472,2024-04-25 07:45:25.131806
10043,Israel moviliza dos brigadas de reservistas en Gaza mientras levanta campamentos para evacuar a los civiles,EL PAÍS,NO,0.9999725818634032,2024-04-25 07:45:25.131806
10044,Tesla acelerará el lanzamiento de coches más baratos tras hundirse las ventas y el beneficio,Cinco Días,NO,0.9999727010726928,2024-04-25 07:45:25.131806
10045,"La Cocina de Elisa, comida tradicional para llevar con sabor a hogar",EL PAÍS,SI,0.928656816482544,2024-04-25 07:45:25.131806
10046,Así es el poder transformador de un estilista: Anne Hathaway y otras actrices antes de convertirse en iconos de moda,EL PAÍS,SI,0.9999724626541138,2024-04-25 07:45:25.131806
10047,Blinken llega a China con un mensaje de advertencia contra la ayuda a la industria militar de Rusia,EL PAÍS,NO,0.9999682903289796,2024-04-25 07:45:25.131806
10048,Cinco quesos perfectos para el desayuno (y el porqué),EL PAÍS,SI,0.9999673366546632,2024-04-25 07:45:25.131806
10049,'Podcast' | Ucrania: ir a la guerra o pagar la multa,EL PAÍS,NO,0.9999701976776124,2024-04-25 07:45:25.131806
10050,La terrorífica odisea de una patera que iba a Canarias y acabó en Brasil,EL PAÍS,SI,0.999961256980896,2024-04-25 07:45:25.131806
10051,“Idilio y crimen”: cómo la bella región bávara de Berchtesgaden gestiona su terrible pasado nazi,EL PAÍS,SI,0.999457061290741,2024-04-25 07:45:25.131806
10052,"Sexo, set y partido: los romances más apasionados salidos de las pistas de tenis",EL PAÍS,SI,0.9999487400054932,2024-04-25 07:45:25.131806
10053,Argentina vive una de las mayores protestas en 20 años contra la ‘motosierra’ de Milei,EL PAÍS Argentina,NO,0.9999327659606934,2024-04-25 07:45:25.131806
10054,Heineken frena su crecimiento en España pese al tirón de El Águila,Cinco Días,NO,0.9999465942382812,2024-04-25 07:45:25.131806
10055,"Las vacunas han evitado 154 millones de muertes en el mundo en medio siglo, pero la desconfianza pospandémica amenaza los avances",EL PAÍS,NO,0.9994089603424072,2024-04-25 07:45:25.131806
10056,"Kate Middleton fotografía a su hijo, el príncipe Luis, por su 6º cumpleaños",EL PAÍS,NO,0.8723959922790527,2024-04-25 07:45:25.131806
10057,España no abrirá embajada en Ramala y encargará las relaciones con Palestina al cónsul en Jerusalén,EL PAÍS,NO,0.9999645948410034,2024-04-25 07:45:25.131806
10058,Juicio por violación a un celador de psiquiatría del hospital Ramón y Cajal de Madrid: “Yo estaba acorralada”,EL PAÍS,NO,0.9998034834861756,2024-04-25 07:45:25.131806
10059,"Cristina García Rodero, premio a la trayectoria profesional: “Las fotografías son el momento que le arranco a la muerte”",EL PAÍS,NO,0.9998798370361328,2024-04-25 07:45:25.131806
10060,La victoria de los profesores universitarios asociados: una jueza abre la vía para que miles reclamen las horas no lectivas que no les pagan,EL PAÍS,NO,0.9999605417251588,2024-04-25 07:45:25.131806
10061,"Los videojuegos, al rescate de la religión",EL PAÍS,NO,0.999923825263977,2024-04-25 07:45:25.131806
10062,"‘Ourika’, todo sobre el tráfico de drogas",EL PAÍS,NO,0.9999488592147828,2024-04-25 07:45:25.131806
10063,El día en que ‘el otro’ Super Mario se volvió un acosador,EL PAÍS,SI,0.9999741315841676,2024-04-25 07:45:25.131806
10064,Nestlé nombra a Pablo Isla vicepresidente del grupo,Cinco Días,NO,0.9999691247940063,2024-04-25 07:45:25.131806
10065,Carta íntegra de Pedro Sánchez en la que anuncia que reflexiona sobre su continuidad como presidente,La Vanguardia,NO,0.9997771382331848,2024-04-25 07:45:25.131806
10066,"Cinco caballos, uno de ellos ensangrentado, siembran el caos en el centro de Londres",La Vanguardia,NO,0.9999278783798218,2024-04-25 07:45:25.131806
10067,El abogado de la familia Arrieta declara al juez que Daniel Sancho los ha hundido en la pobreza,La Vanguardia,NO,0.9998902082443236,2024-04-25 07:45:25.131806
10068,"Muere Itxaso Mardones, periodista de 'Equipo de Investigación', a los 45 años",La Vanguardia,NO,0.9999727010726928,2024-04-25 07:45:25.131806
10069,Besteiro muestra su apoyo a Sánchez: 'Sé perfectamente por lo que estás pasando',La Vanguardia,NO,0.9999163150787354,2024-04-25 07:45:25.131806
10070,Por qué nos cuesta tanto cambiar,La Vanguardia,SI,0.9999616146087646,2024-04-25 07:45:25.131806
10071,"Descubren cómo frenar la fibrosis, una de las claves del envejecimiento",La Vanguardia,SI,0.998506724834442,2024-04-25 07:45:25.131806
10072,¿Por qué salen los platos y vasos mojados del lavavajillas? Los motivos por los que no seca,La Vanguardia,SI,0.9999051094055176,2024-04-25 07:45:25.131806
10073,Puigdemont a Sánchez: 'Siempre puede presentar una cuestión de confianza y despejar dudas',La Vanguardia,NO,0.9998459815979004,2024-04-25 07:45:25.131806
10074,Estos son los hábitos que te harán más feliz si aprendes a conectar contigo mismo,La Vanguardia,SI,0.9999682903289796,2024-04-25 07:45:25.131806
10075,La heredera sorpresa de Silvia Tortosa: la actriz deja fuera del testamento a su marido,La Vanguardia,NO,0.9590155482292176,2024-04-25 07:45:25.131806
10076,Llega a España la primera alarma con cerradura inteligente,La Vanguardia,NO,0.9997383952140808,2024-04-25 07:45:25.131806
10077,Así es el refugio de la Guerra Civil que Barcelona abrirá al público,La Vanguardia,NO,0.9923524260520936,2024-04-25 07:45:25.131806
10078,El federalismo no es una utopía,La Vanguardia,NO,0.9998223185539246,2024-04-25 07:45:25.131806
10079,Los apartamentos turísticos de Girona cifran en 1.900 millones de euros las indemnizaciones por cerrar,La Vanguardia,NO,0.999972939491272,2024-04-25 07:45:25.131806
10080,"Lola Romero, la 'Kardashian gitana' que ha conquistado el corazón de Omar Montes",La Vanguardia,SI,0.9999316930770874,2024-04-25 07:45:25.131806
10081,La Cambra perdió cuatro millones durante el mandato de Eines de País,La Vanguardia,NO,0.9999731779098512,2024-04-25 07:45:25.131806
10082,Las familias catalanas pagan la cuota más alta de España en las escuelas concertadas,La Vanguardia,NO,0.9998630285263062,2024-04-25 07:45:25.131806
10083,"“Esta obra asombra al mundo, es más grande que todos nosotros”",La Vanguardia,NO,0.687582790851593,2024-04-25 07:45:25.131806
10084,Rebajas para extranjeros en Madrid,La Vanguardia,NO,0.9999655485153198,2024-04-25 07:45:25.131806
10085,Transforma tu jardín con muebles de bambú: una tendencia de decoración sostenible y lleno de estilo,La Vanguardia,SI,0.9998928308486938,2024-04-25 07:45:25.131806
10086,Tiene 60 años y es la nueva Miss Universo Argentina: así es Alejandra Rodríguez,La Vanguardia,NO,0.8781036734580994,2024-04-25 07:45:25.131806
10087,Cumbre de autores en el Palacio Real de Celama,La Vanguardia,NO,0.9999662637710572,2024-04-25 07:45:25.131806
10088,Derrota española ante los tribunales alemanes por las reclamaciones de primas a las renovables,La Vanguardia,NO,0.9999730587005616,2024-04-25 07:45:25.131806
10089,"“Si ves caer una cabeza nuclear, ¡corre hacia ella! Mejor morirte”",La Vanguardia,SI,0.993791401386261,2024-04-25 07:45:25.131806
10090,El Rambo de Requena (II): el fugitivo invisible,La Vanguardia,SI,0.9988672733306884,2024-04-25 07:45:25.131806
10091,"El bicibús cuenta cada vez con más adeptos para ir al colegio, pero también gana en temores",La Vanguardia,NO,0.99873548746109,2024-04-25 07:45:25.131806
10092,Los divertidos saltitos de dos mapaches que intentan abrir una puerta,La Vanguardia,SI,0.999974012374878,2024-04-25 07:45:25.131806
10093,El truco viral para que los niños sigan disfrutando de los columpios incluso en días lluviosos,La Vanguardia,SI,0.9999618530273438,2024-04-25 07:45:25.131806
10094,Una nutricionista desvela el truco para multiplicar el hierro de las espinacas y las lentejas,La Vanguardia,SI,0.9998900890350342,2024-04-25 07:45:25.131806
10095,Las armas suecas que provocaron una auténtica revolución militar marítima en pleno siglo XV,La Vanguardia,SI,0.9198306202888488,2024-04-25 07:45:25.131806
10096,Mario Alonso Puig revela cómo sincronizar los hemisferios cerebrales para lograr mayor calma: 'Nuestra mente es como un océano revuelto',La Vanguardia,NO,0.996302843093872,2024-04-25 07:45:25.131806
10097,Illa reitera en el Senado que la contratación pública fue la adecuada durante la pandemia,La Vanguardia,NO,0.9999635219573976,2024-04-25 07:45:25.131806
10098,"La nueva vida de Marta Pérez, la joven que se quedó en coma tras beber un batido de proteínas",La Vanguardia,SI,0.9999387264251708,2024-04-25 07:45:25.131806
10099,"La crítica situación del hijo de Anne Hache: la herencia de la actriz, incapaz de pagar las deudas generadas por el accidente que acabó con su vida",La Vanguardia,SI,0.9590603113174438,2024-04-25 07:45:25.131806
10100,"Álex García Galas, el turista vasco hospitalizado dos meses en Tailandia, ya está en Bilbao: 'Nos hemos arruinado'",La Vanguardia,NO,0.9999293088912964,2024-04-25 07:45:25.131806
10101,Las únicas partes del coche que pueden sobresalir de una plaza de aparcamiento,La Vanguardia,SI,0.9999048709869384,2024-04-25 07:45:25.131806
10102,'Soy uróloga y me fijo en esto cuando compro agua mineral envasada',La Vanguardia,SI,0.9997166991233826,2024-04-25 07:45:25.131806
10103,Prohens fulmina a un alto cargo que mintió para acelerar las licencias de su agroturismo,La Vanguardia,NO,0.999970316886902,2024-04-25 07:45:25.131806
10104,El coche eléctrico tendrá un coste equivalente al convencional en siete años,La Vanguardia,NO,0.9999608993530272,2024-04-25 07:45:25.131806
10105,Vox estrena la ‘senyera’ en su logo y hará campaña en los feudos del PSC,La Vanguardia,NO,0.9999446868896484,2024-04-25 07:45:25.131806
10106,"Los semáforos del martes 23 de abril: Carlos Torres Vila, Pablo Álvarez, Nelly Korda y Aharon Haliva",La Vanguardia,NO,0.9999531507492064,2024-04-25 07:45:25.131806
10107,La drástica decisión de los hijos de William Levy tras el escándalo protagonizado por sus padres,La Vanguardia,SI,0.99993097782135,2024-04-25 07:45:25.131806
10108,Goyo Yeves: 'Los Celtas Cortos llevamos 20 años luchando por no descender y es un privilegio',La Vanguardia,NO,0.9998458623886108,2024-04-25 07:45:25.131806
10109,"Carlos Sobera revela cuál ha sido la peor cita de la historia de 'First Dates': 'No la pudimos emitir, imagínate lo que pasó'",La Vanguardia,SI,0.999975562095642,2024-04-25 07:45:25.131806
10110,"Rocío Vidal: 'Llados les dice a muchos menores que rompan con su entorno, es una secta'",La Vanguardia,SI,0.7320401668548584,2024-04-25 07:45:25.131806
10111,"Tensión entre Marieta y Ana Herminia, novia de Ángel Cristo: “A ti no te deja porque se queda sin exclusiva”",La Vanguardia,NO,0.999679684638977,2024-04-25 07:45:25.131806
10112,Apple convoca una presentación para el 7 de mayo,La Vanguardia,NO,0.9999667406082152,2024-04-25 07:45:25.131806
10113,Ya se acerca la Luna Rosa de abril,La Vanguardia,SI,0.9956888556480408,2024-04-25 07:45:25.131806
10114,"No, Isabel Pantoja no está ingresada",La Vanguardia,SI,0.7372409701347351,2024-04-25 07:45:25.131806
10115,El Gobierno interviene la RFEF y lo hará oficial este jueves,La Voz de Galicia,NO,0.8114697337150574,2024-04-25 07:45:25.131806
10116,El emblemático Moulin Rouge pierde sus aspas,La Voz de Galicia,NO,0.9989895224571228,2024-04-25 07:45:25.131806
10117,El testimonio de cinco policías retrasa la declaración de Daniel Sancho,La Voz de Galicia,NO,0.999954342842102,2024-04-25 07:45:25.131806
10118,Un joven de 21 años muere en un accidente de moto en Gondomar,La Voz de Galicia,NO,0.999968647956848,2024-04-25 07:45:25.131806
10119,"El Banco Sabadell registra un beneficio récord de 308 millones de euros en el primer trimestre del año, un 50,4% más",La Voz de Galicia,NO,0.9999679327011108,2024-04-25 07:45:25.131806
10120,"El nuevo plan eléctrico confirma cinco subestaciones para Galicia, pero sin las peticiones de la Xunta",La Voz de Galicia,NO,0.99996817111969,2024-04-25 07:45:25.131806
10121,A por otro mes de abril perfecto,La Voz de Galicia,SI,0.9999392032623292,2024-04-25 07:45:25.131806
10122,El campo de minas que rodea a Pedro Sánchez,La Voz de Galicia,NO,0.9997673630714417,2024-04-25 07:45:25.131806
10123,"Cristóbal Morales, experto en obesidad: «Muchas veces, el paciente te dice: 'Ojalá tener diabetes para que el fármaco estuviese financiado'»",La Voz de Galicia,NO,0.9995520710945128,2024-04-25 07:45:25.131806
10124,Así es el centro en el que niños y mayores ponen la mesa juntos a diario,La Voz de Galicia,SI,0.9999369382858276,2024-04-25 07:45:25.131806
10125,"«Anatomía de Grey», la vida sigue en Seattle sin Meredith en el hospital",La Voz de Galicia,NO,0.992934226989746,2024-04-25 07:45:25.131806
10126,Se libra del derribo de su casa porque se lo notificaron a un jugador del Celta,La Voz de Galicia,NO,0.9996196031570436,2024-04-25 07:45:25.131806
10127,Las vascas no cambian el «statu quo»,La Voz de Galicia,NO,0.9999269247055054,2024-04-25 07:45:25.131806
10128,"Tras el Constitucional, es el turno de la política",La Voz de Galicia,NO,0.999508500099182,2024-04-25 07:45:25.131806
10129,"Las Cookies de Narón, hermanas pequeñas de Lil Kids, adoradas por Lola Índigo y Mario Casas: «Nos llamaron de Got Talent»",La Voz de Galicia,SI,0.999957799911499,2024-04-25 07:45:25.131806
10130,"TéAreeiro, el té made in las Rías Baixas",La Voz de Galicia,NO,0.9999173879623412,2024-04-25 07:45:25.131806
10131,El detenido por el crimen de O Porriño tiene otra denuncia por agresión sexual a una prostituta,La Voz de Galicia,NO,0.9999595880508424,2024-04-25 07:45:25.131806
10132,"Alfredo Cunha: «Se lo debo todo al 25 de abril, el día de la libertad total»",La Voz de Galicia,NO,0.9998136162757874,2024-04-25 07:45:25.131806
10133,"Juan Carlos Peinado, un juez instructor que ejerció de profesor y juzgó al madridista Raúl",La Voz de Galicia,NO,0.9999549388885498,2024-04-25 07:45:25.131806
10134,Un año del parricidio de Muros: un crimen disfrazado de asalto en el que todas las pruebas apuntan a un mismo culpable,La Voz de Galicia,SI,0.9961814880371094,2024-04-25 07:45:25.131806
10135,El cocinero Dabiz Muñoz va a montar un pollo en Vigo,La Voz de Galicia,NO,0.9997172951698304,2024-04-25 07:45:25.131806
10136,"Serrat, premio princesa de Asturias de las artes a «una forma de vida» buena",La Voz de Galicia,NO,0.9999721050262452,2024-04-25 07:45:25.131806
10137,La ciencia está más cerca de encontrar el Santo Grial del clima,La Voz de Galicia,NO,0.8400272727012634,2024-04-25 07:45:25.131806
10138,Jackie Coogan: de Chaplin a las galletas,La Voz de Galicia,SI,0.9999222755432128,2024-04-25 07:45:25.131806
10139,"La paliza por encargo de Fisterra: «Fueron a por él, pero no sabemos los motivos»",La Voz de Galicia,NO,0.998714804649353,2024-04-25 07:45:25.131806
10140,"Los escombros de la rectoral de Pazos, en Ponteceso, sin retirar cuatro meses después",La Voz de Galicia,NO,0.9999724626541138,2024-04-25 07:45:25.131806
10141,"Gloria Aguiño, paciente: «Los que tenemos ELA lo que no tenemos es tiempo para burocracias»",La Voz de Galicia,NO,0.9983271956443788,2024-04-25 07:45:25.131806
10142,Daniel Minimalia: «A los niños hay que educarlos para que escuchen todo tipo de música»,La Voz de Galicia,NO,0.9980044960975648,2024-04-25 07:45:25.131806
10143,El mayor desplazamiento del curso para el celtismo,La Voz de Galicia,NO,0.9993137121200562,2024-04-25 07:45:25.131806
10144,La base de cotización media de los asalariados gallegos ya supera los 2.000 euros al mes,La Voz de Galicia,NO,0.9999526739120485,2024-04-25 07:45:25.131806
10145,El riesgo de pedir comida a domicilio en A Coruña: ¿dónde están todos estos restaurantes?,La Voz de Galicia,SI,0.9997081160545348,2024-04-25 07:45:25.131806
10146,"Así convivirán Asturias y Castilla y León con el oso: plantaciones, contenedores protegidos, divulgación y radiomarcaje",La Voz de Galicia,NO,0.999811351299286,2024-04-25 07:45:25.131806
10147,"La incombustible de Sánchez, cara de los ecologistas y cruz de las eléctricas",La Voz de Galicia,SI,0.9992408752441406,2024-04-25 07:45:25.131806
10148,El gigante hotelero francés Club Med busca personal en España para sus resorts de lujo,La Voz de Galicia,NO,0.999935746192932,2024-04-25 07:45:25.131806
10149,Los arqueólogos vuelven a Ons para sacar a la luz su antigua muralla,La Voz de Galicia,NO,0.99992835521698,2024-04-25 07:45:25.131806
10150,Caso ley del litoral: gana Galicia y... el Estado de derecho,La Voz de Galicia,NO,0.9999728202819824,2024-04-25 07:45:25.131806
10151,"«Corramos como becerros a matricularnos en la universidad, sale del bolsillo de todos»",La Voz de Galicia,SI,0.7094834446907043,2024-04-25 07:45:25.131806
10152,Piden el desalojo de una familia de okupas de Lugo que dicen no poder pagar el alquiler aunque cobran una ayuda de casi 1.500 euros,La Voz de Galicia,NO,0.995470404624939,2024-04-25 07:45:25.131806
10153,Se jubila después de 38 años vendiendo el cupón de la ONCE en la misma esquina de Ourense,La Voz de Galicia,NO,0.9999487400054932,2024-04-25 07:45:25.131806
10154,El matemático que sobrevivió a tres presidentes de la Xunta,La Voz de Galicia,NO,0.9998111128807068,2024-04-25 07:45:25.131806
10155,El 33 % de los agricultores invierte más de seis días de trabajo en tramitar las ayudas de la PAC,La Voz de Galicia,NO,0.9999626874923706,2024-04-25 07:45:25.131806
10156,Una de cada cinco plazas mir de medicina de familia se queda desierta en Galicia,La Voz de Galicia,NO,0.9999538660049438,2024-04-25 07:45:25.131806
10157,"Iago Aspas opta a mejor jugador del mes de Primera y Hugo Álvarez, a mejor sub-23",La Voz de Galicia,NO,0.9999587535858154,2024-04-25 07:45:25.131806
10158,El entrenamiento invisible de Salva Sevilla,La Voz de Galicia,SI,0.9991200566291808,2024-04-25 07:45:25.131806
10159,Los nuevos coches a la venta a partir de julio serán más caros pero más seguros,La Voz de Galicia,NO,0.9999291896820068,2024-04-25 07:45:25.131806
10160,Un plan gastro único: aquí comes el mejor buey y ves dónde se cría,La Voz de Galicia,SI,0.9999158382415771,2024-04-25 07:45:25.131806
10161,La gestión de la suplencia por parte del futbolista y del entrenador,La Voz de Galicia,NO,0.9999431371688844,2024-04-25 07:45:25.131806
10162,Esta pequeña bodega de Teo que lleva el nombre de dos hermanas y fue un regalo que les dejó su padre hace el mejor albariño de la comarca,La Voz de Galicia,SI,0.99996018409729,2024-04-25 07:45:25.131806
10163,"Carmen Diego, neumóloga y experta en asbestosis: «El amianto dañó al 90 % de los trabajadores del naval en la ría de Ferrol»",La Voz de Galicia,NO,0.999952793121338,2024-04-25 07:45:25.131806
10164,"Belén Reimondo, de Belén Cars, en «De 0 a 100»: «Mercamos un coche para os vindeiros dez anos, con ese horizonte nunca recomendaría un eléctrico»",La Voz de Galicia,NO,0.9998188614845276,2024-04-25 07:45:25.131806
10165,Sánchez quiere y debe reflexionar,La Voz de Galicia,NO,0.9478353261947632,2024-04-25 07:45:25.131806
10166,La Policía Local de Cangas podrá multar y utilizar la grúa en 37 playas,La Voz de Galicia,NO,0.9999432563781738,2024-04-25 07:45:25.131806
10167,Los minicruceros de cuatro días por las Rías Baixas se van al traste,La Voz de Galicia,NO,0.9998968839645386,2024-04-25 07:45:25.131806
10168,Las industrias del mar de Galicia enseñan músculo en el escaparate europeo,La Voz de Galicia,NO,0.9999711513519288,2024-04-25 07:45:25.131806
10169,Una militar que sufre agorafobia gana un pleito a la Armada y a Defensa y cobrará una pensión de 1.400 euros al mes,La Voz de Galicia,NO,0.9568783640861512,2024-04-25 07:45:25.131806
10170,Los equipos que ha descartado el mánager de Pedro Acosta como opciones de futuro,La Voz de Galicia,NO,0.9990912675857544,2024-04-25 07:45:25.131806
10171,Xavi Hernández rectifica y cumplirá su año de contrato con el Barcelona,La Voz de Galicia,NO,0.9999668598175048,2024-04-25 07:45:25.131806
10172,Junts y ERC hacen campaña contra Illa en la comisión del caso Koldo en el Senado,La Voz de Galicia,NO,0.9999622106552124,2024-04-25 07:45:25.131806
10173,Hamás dice que Sinwar ha salido de los túneles para dirigir la defensa de Rafah,La Voz de Galicia,NO,0.9999654293060304,2024-04-25 07:45:25.131806
10174,Los posibles escenarios que recoge la Constitución ante la decisión de Sánchez,La Voz de Galicia,NO,0.830711841583252,2024-04-25 07:45:25.131806
10175,¿El epílogo de «Manual de resistencia»?,La Voz de Galicia,SI,0.9999618530273438,2024-04-25 07:45:25.131806
10176,BBVA y Down Galicia integran a personas con discapacidad intelectual,La Voz de Galicia,NO,0.9999488592147828,2024-04-25 07:45:25.131806
10177,Las cuentas del Leyma Básquet Coruña para poder ascender en el Palacio,La Voz de Galicia,NO,0.9999672174453736,2024-04-25 07:45:25.131806
10178,"El Racing de Ferrol, seis finales para lograr un sueño",La Voz de Galicia,NO,0.999969244003296,2024-04-25 07:45:25.131806
10179,Vota y opina: ¿crees que Pedro Sánchez dimitirá el próximo lunes?,La Voz de Galicia,NO,0.9976513981819152,2024-04-25 07:45:25.131806
10180,"«Temos que seguir igual, nesta liña de competitividade», dice Díaz",La Voz de Galicia,NO,0.9999358654022216,2024-04-25 07:45:25.131806
10181,"Alberto Abalde, exjugador del Obradoiro: «Me divierto más viendo un partido de la ACB que uno de la NBA»",La Voz de Galicia,NO,0.9999607801437378,2024-04-25 07:45:25.131806
10182,Abanca recibió a las jugadoras del Dépor para festejar el ascenso,La Voz de Galicia,NO,0.999958038330078,2024-04-25 07:45:25.131806
10183,El PP ve en la carta de Sánchez «una maniobra estética»,La Voz de Galicia,SI,0.9252690672874452,2024-04-25 07:45:25.131806
10184,"La carta de Pedro Sánchez: «Llegados a este punto, la pregunta que legítimamente me hago es ¿merece la pena todo esto? Sinceramente, no lo sé»",La Voz de Galicia,NO,0.8412234783172607,2024-04-25 07:45:25.131806
10185,La Audiencia de A Coruña aplica desde Santiago el principio «in dubio pro reo» para absolver a un hombre acusado de dos agresiones sexuales,La Voz de Galicia,NO,0.9999704360961914,2024-04-25 07:45:25.131806
10186,Sánchez cancela su agenda pública y dice que reflexionará si sigue o no como presidente,La Voz de Galicia,NO,0.9999641180038452,2024-04-25 07:45:25.131806
10187,"La USC se despide de Xosé Carlos Macía, profesor de la Facultade de Ciencias da Educación fallecido a los 54 años",La Voz de Galicia,NO,0.9999685287475586,2024-04-25 07:45:25.131806
10188,"La Fórmula 1 se pone dura con Alonso, Hamilton y Verstappen: «Si no quieren correr...»",La Voz de Galicia,NO,0.9999122619628906,2024-04-25 07:45:25.131806
10189,Ingresa en la uci tras beber un café con insectos de una máquina del aeropuerto de Palma,La Voz de Galicia,NO,0.7279893755912781,2024-04-25 07:45:25.131806
10190,La Junta de Fiscales avala la decisión de la número dos de la Fiscalía de archivar la querella presentada por el novio de Ayuso,La Voz de Galicia,NO,0.9999583959579468,2024-04-25 07:45:25.131806
10191,Rueda extingue la Axencia Galega da Industria forestal y pasa sus competencias a Economía,La Voz de Galicia,NO,0.9999631643295288,2024-04-25 07:45:25.131806
10192,"La Eurocámara aprueba el reglamento de la red transeuropea, que relega la conexión Oporto-Galicia al 2040 y prioriza la línea Madrid-Lisboa",La Voz de Galicia,NO,0.9999696016311646,2024-04-25 07:45:25.131806
10193,La AIReF rebaja a 18.900 millones el impacto real de los fondos europeos,La Voz de Galicia,NO,0.999972939491272,2024-04-25 07:45:25.131806
10194,El consejero de Endesa advierte de que la actual regulación hace «perder oportunidades» de atraer industria a España,La Voz de Galicia,NO,0.9999642372131348,2024-04-25 07:45:25.131806
10195,Mercedes al fin comercializa coches capaces de conducir de forma totalmente autónoma,La Voz de Galicia,NO,0.9999306201934814,2024-04-25 07:45:25.131806
10196,¿Por qué la temporada de alergias se ha vuelto eterna?,La Voz de Galicia,SI,0.9999573230743408,2024-04-25 07:45:25.131806
10197,La Xunta protesta por ser ignorada de nuevo en una visita a Galicia del comisionado para el Corredor Atlántico,La Voz de Galicia,NO,0.9999524354934692,2024-04-25 07:45:25.131806
10198,TikTok suspende el programa de puntos de la versión Lite en España y Francia,La Voz de Galicia,NO,0.99996817111969,2024-04-25 07:45:25.131806
10199,"Pablo Simón: «Los políticos compiten con Instagram y con vídeos de gatitos para que les hagamos caso, no solo con otros políticos»",La Voz de Galicia,SI,0.9968907237052916,2024-04-25 07:45:25.131806
10200,La Xunta rechaza el nuevo sistema de reparto de menores migrantes no acompañados que propone el Gobierno,La Voz de Galicia,NO,0.999959111213684,2024-04-25 07:45:25.131806
10201,La estampida de varios caballos del ejército provoca el caos en el centro de Londres,La Voz de Galicia,NO,0.9998718500137328,2024-04-25 07:45:25.131806
10202,"Daniel Sancho, tras el crimen de Edwin Arrieta: «Mientras cortaba el cadáver, me enfadé y le clavé el cuchillo en la cara»",La Voz de Galicia,NO,0.9999077320098876,2024-04-25 07:45:25.131806
10203,El pleno del Senado autoriza al Supremo para que juzgue a Baltar por un delito contra la seguridad vial,La Voz de Galicia,NO,0.9999711513519288,2024-04-25 07:45:25.131806
10204,La NASA consigue reparar una nave de los años setenta que está a 24.000 millones de kilómetros de la Tierra,La Voz de Galicia,NO,0.9999526739120485,2024-04-25 07:45:25.131806
10205,Mbappé pagará menos impuestos en el Real Madrid tras una rebaja fiscal de Ayuso,La Voz de Galicia,NO,0.9999709129333496,2024-04-25 07:45:25.131806
10206,Jéssica Bouzas derrota a Badosa y jugará la segunda ronda del Mutua Madrid Open frente a la número 10 del mundo,La Voz de Galicia,NO,0.999969720840454,2024-04-25 07:45:25.131806
10207,Jéssica Bouzas deslumbra ante Badosa y jugará la segunda ronda del Mutua Madrid Open frente a la número 10 del mundo,La Voz de Galicia,NO,0.999969244003296,2024-04-25 07:45:25.131806
10208,Rueda dirige la sesión de control a una ronda de reproches a BNG y PSdeG por no apoyar la ley del litoral,La Voz de Galicia,NO,0.999937891960144,2024-04-25 07:45:25.131806
10209,La emotiva carta de una jueza a la hija de una mujer maltratada: «No tienes que ver ni hablar con el señor que le hizo daño»,La Voz de Galicia,SI,0.9999022483825684,2024-04-25 07:45:25.131806
10210,La nueva vida de un balneario modernista de 1937: comer en un museo a las orillas del Miño,La Voz de Galicia,SI,0.9998840093612672,2024-04-25 07:45:25.131806
10211,"Rafa Nadal: «Si hoy fuera París, no salgo a la pista»",La Voz de Galicia,NO,0.9998630285263062,2024-04-25 07:45:25.131806
10212,Los supervivientes engullen una tortilla de patata tras cantar 'Factor Supervivientes',Telecinco,SI,0.9848824143409728,2024-04-25 07:45:25.131806
10213,El último parte médico de Claudia Martínez en Supervivientes,Telecinco,SI,0.9860825538635254,2024-04-25 07:45:25.131806
10214,Mario hace frente a las críticas por no aceptar participar en la repesca de Supervivientes,Telecinco,NO,0.9991925358772278,2024-04-25 07:45:25.131806
10215,Los concursantes que se enfrentarán a la 'Noria infernal' de Supervivientes,Telecinco,SI,0.9188396334648132,2024-04-25 07:45:25.131806
10216,"La novia de Ángel Cristo se enfrenta a Marieta, Miri y Gorka - SV",Telecinco,NO,0.9964268803596495,2024-04-25 07:45:25.131806
10217,Apúntate al casting de Gran Hermano,Telecinco,SI,0.999614953994751,2024-04-25 07:45:25.131806
10218,El 'zasca' de Marta Peñate a Kike Calleja sobre la salvación de Ángel Cristo en Supervivientes,Telecinco,NO,0.9823218584060668,2024-04-25 07:45:25.131806
10219,La reacción del PP ante la posible dimisión de Pedro Sánchez,Telecinco,SI,0.9687981605529784,2024-04-25 07:45:25.131806
10220,Sánchez reúne en Moncloa a sus principales colaboradores tras anunciar una posible dimisión - Informativos Tel,Telecinco,NO,0.9998729228973388,2024-04-25 07:45:25.131806
10221,Las pistas que dejó Pedro Sánchez en los corrillos con los periodistas,Telecinco,SI,0.9999216794967652,2024-04-25 07:45:25.131806
10222,Qué ocurriría si Pedro Sánchez renuncia como Presidente del Gobierno,Telecinco,SI,0.9998338222503662,2024-04-25 07:45:25.131806
10223,Las lágrimas de Elizabeth Gutiérrez en la segunda parte de la entrevista sobre William Levy - Tardear,Telecinco,SI,0.9999455213546752,2024-04-25 07:45:25.131806
10224,Reacciones a la carta de Pedro Sánchez,Telecinco,SI,0.9821608066558838,2024-04-25 07:45:25.131806
10225,José María Olmo evalúa la carta de Pedro Sánchez: 'Una de las conclusiones a las que llego es que le preocupa,Telecinco,NO,0.96121346950531,2024-04-25 07:45:25.131806
10226,Javi Redondo opina sobre la expulsión de Mario y al bajón de Claudia - Supervivientes,Telecinco,SI,0.9851513504981996,2024-04-25 07:45:25.131806
10227,Pedro Sánchez cancela su agenda: los actos a los que no irá,Telecinco,NO,0.9998817443847656,2024-04-25 07:45:25.131806
10228,Así es la carta íntegra de Pedro Sánchez a la ciudadanía,Telecinco,SI,0.785252571105957,2024-04-25 07:45:25.131806
10229,La cita con 'El Ruso' que compromete a Antonio Tejado con el robo de su tía María del Monte - Tardear exclusiv,Telecinco,SI,0.9998227953910828,2024-04-25 07:45:25.131806
10230,Pedro Sánchez suspende su agenda y el lunes anunciará si continúa al frente del Gobierno,Telecinco,NO,0.9999645948410034,2024-04-25 07:45:25.131806
10231,El abogado de la familia Arrieta responde a las declaraciones de Rodolfo Sancho - TardeAR,Telecinco,NO,0.9999295473098756,2024-04-25 07:45:25.131806
10232,El abogado de la familia Arrieta cree que están pasando 'cosas extrañas' - TardeAR,Telecinco,SI,0.7557100057601929,2024-04-25 07:45:25.131806
10233,Sandra Barneda carga contra Julián Contreras por la decisión que ha tomado con su perro,Telecinco,SI,0.914775848388672,2024-04-25 07:45:25.131806
10234,"Quién es quién en 'El Marqués', la serie de Telecinco",Telecinco,SI,0.9118585586547852,2024-04-25 07:45:25.131806
10235,Julián Contreras tiene nueva casa: sabemos dónde está y cómo es - Así es la vida,Telecinco,SI,0.9999183416366576,2024-04-25 07:45:25.131806
10236,La canción que pone 'picantón' a Willy Bárcenas: 'A mi me gusta el soul',Telecinco,SI,0.9996554851531982,2024-04-25 07:45:25.131806
10237,Ignacio Escolar recuerda que Manos Limpias denunció a 'Los Lunnis': 'Aparecía una boda entre dos,laSexta,NO,0.9773717522621156,2024-04-25 07:45:25.131806
10238,María Llapart analiza la sesión más dura de Sánchez en el Congreso: 'Nunca le había visto tan serio',laSexta,NO,0.9582346081733704,2024-04-25 07:45:25.131806
10239,¿Por qué no se construye más vivienda social? Beatriz Toribio (APCEspaña) responde,laSexta,SI,0.5260328650474548,2024-04-25 07:45:25.131806
10240,El dolor de la madre de Félix José Esquerdo al hallar el cuerpo de su hijo a escasos metros de su casa después,laSexta,NO,0.9786240458488464,2024-04-25 07:45:25.131806
10241,Comprobar el resultado del sorteo del Cupón Diario de la ONCE del lunes 22 de abril de 2024,laSexta,NO,0.9998670816421508,2024-04-25 07:45:25.131806
10242,Partidarios y contrarios a Sánchez se concentran en Ferraz tras anunciar que se plantea renunciar,laSexta,NO,0.9999727010726928,2024-04-25 07:45:25.131806
10243,La reflexión de Monrosi sobre el PP y MAR: 'Han puesto la maquina del fango a todo rendimiento para salva,laSexta,SI,0.8524738550186157,2024-04-25 07:45:25.131806
10244,El viral manguerazo de este trabajador de la limpieza a una mujer en las fiestas del Pilar: 'Ella le lanz,laSexta,SI,0.999953269958496,2024-04-25 07:45:25.131806
10245,Gerard Piqué enfada al alcalde de un pueblo de Bolivia por un comentario sobre el concierto de María Becerra:,laSexta,SI,0.6267515420913696,2024-04-25 07:45:25.131806
10246,"Lucía Méndez, sobre el periodo de 'reflexión' de Sánchez: 'No creo que vayan a ser cinco días&q",laSexta,NO,0.9999141693115234,2024-04-25 07:45:25.131806
10247,"Ferreras, tras las acusaciones a Illa por su reunión con Koldo: 'Si esto es lo descomunal que hay contra",laSexta,NO,0.9999215602874756,2024-04-25 07:45:25.131806
10248,La sonda Voyager 1 vuelve a enviar información a la Tierra después de cinco meses sin hacerlo,laSexta,NO,0.9998718500137328,2024-04-25 07:45:25.131806
10249,El surrealista momento en el que el rey Felipe pide que todos se pongan de pie entre Ayuso y Urtasun,laSexta,SI,0.9999656677246094,2024-04-25 07:45:25.131806
10250,Un cartel al más puro estilo festival: la viral forma de anunciar a tus personas más cercanas el fin de tu rel,laSexta,SI,0.9999731779098512,2024-04-25 07:45:25.131806
10251,"La metfomina, el posible elixir de la juventud que usan los diabéticos y que podría mejorar el efecto de la qu",laSexta,SI,0.9998703002929688,2024-04-25 07:45:25.131806
10252,Angélica Rubio afirma que 'Feijóo ha dado orden' de ir a por la familia del presidente: 'Se ha,laSexta,NO,0.9143426418304444,2024-04-25 07:45:25.131806
10253,La Eurocámara aprueba la reforma de la PAC con menos exigencias medioambientales y carga administrativa,laSexta,NO,0.9999583959579468,2024-04-25 07:45:25.131806
10254,'Absolutamente inexplicable': la Policía muestra su indignación tras la fuga del líder de la 'Mo,laSexta,NO,0.9964680671691896,2024-04-25 07:45:25.131806
10255,Frío de febrero en abril: ¿hasta cuándo se mantendrán estas temperaturas invernales?,laSexta,NO,0.9997666478157043,2024-04-25 07:45:25.131806
10256,El negocio del lobo en España: se acusa al animal de la muerte del ganado para cobrar 800 euros en subvencione,laSexta,NO,0.9999709129333496,2024-04-25 07:45:25.131806
10257,"Carmen Lomana, sobre quien se sube al tren como si fuese a la playa: 'Me dan ganas de sacar un mata mosqu",laSexta,NO,0.855289101600647,2024-04-25 07:45:25.131806
10258,"Martínez-Vares recuerda unas palabras de MAR: 'Si quieren hablar de la pareja de Ayuso, hablaremos de la",laSexta,NO,0.9313042163848876,2024-04-25 07:45:25.131806
10259,"Comprobar los resultados de la lotería del martes 23 de abril de 2024 (Bonoloto, Euromillones...)",laSexta,NO,0.9999678134918212,2024-04-25 07:45:25.131806
10260,"La última novedad de Meta para Whatsapp, Facebook e Instagram: un chatbot en el 'feed', los chats y lo",laSexta,SI,0.99285089969635,2024-04-25 07:45:25.131806
10261,Las madres de ahora versus las de antes: el adiós a 'la chancla como arma arrojadiza',laSexta,SI,0.9999551773071288,2024-04-25 07:45:25.131806
10262,Roberto Mesa denuncia la situación 'extrema' de Canarias: 'No es necesario tanto turista para q,laSexta,NO,0.9997628331184388,2024-04-25 07:45:25.131806
10263,Sorteo | Comprobar el resultado del Sueldazo de la ONCE del domingo 14 de abril de 2024,laSexta,NO,0.9999392032623292,2024-04-25 07:45:25.131806
10264,Sale a subasta el primer contrato de trabajo de la princesa Diana,laSexta,NO,0.9998024106025696,2024-04-25 07:45:25.131806
10265,"Monrosi, sobre las comisiones de investigación: 'Esto que estamos viendo no vale para nada'",laSexta,NO,0.9999606609344482,2024-04-25 07:45:25.131806
10266,El reproche de José Luis Martínez-Almeida a Isma Juárez: 'No te vi en la boda',laSexta,SI,0.9230715036392212,2024-04-25 07:45:25.131806
10267,¿Tienen los gatos malas intenciones? Alfonso Arús cada vez lo tiene más claro gracias a este vídeo viral,laSexta,SI,0.9999672174453736,2024-04-25 07:45:25.131806
10268,Resultados de Euromillones | Comprobar el sorteo del viernes 19 de abril de 2024,laSexta,NO,0.999968647956848,2024-04-25 07:45:25.131806
10269,Varios caballos del Ejército siembran el caos en Londres y dejan heridas a cuatro personas,laSexta,NO,0.9999396800994872,2024-04-25 07:45:25.131806
10270,Declara el abogado de Edwin Arrieta en el juicio contra Daniel Sancho: 'No se ha podido contar toda la re,laSexta,NO,0.9998362064361572,2024-04-25 07:45:25.131806
10271,Kate Middleton reaparece en redes con un retrato no retocado por el cumpleaños de su hijo Louis,laSexta,SI,0.9903496503829956,2024-04-25 07:45:25.131806
10272,"Albiol anuncia que ya le han dado el alta en el hospital: 'No podré ir a 200km/h, pero iré a 120km, que e",laSexta,NO,0.9999176263809204,2024-04-25 07:45:25.131806
10273,"La reflexión de Ignacio Cembrero sobre Ayuso y el caso de su pareja: 'Debería despedir a MAR, se ha equiv",laSexta,SI,0.9993357062339784,2024-04-25 07:45:25.131806
10274,Tesla anuncia que fabricará coches eléctricos más baratos y 'asequibles' tras una caída de un 9% en,laSexta,NO,0.9999701976776124,2024-04-25 07:45:25.131806
10275,Triplex de la ONCE: Comprobar resultados del miércoles 17 de abril de 2024,laSexta,NO,0.9999642372131348,2024-04-25 07:45:25.131806
10276,¿Quieres ser probador de hoteles de lujo y ganar 58.000 euros al año? Estos son los requisitos que tienes que,laSexta,SI,0.9998925924301147,2024-04-25 07:45:25.131806
10277,Sanidad aprueba la llegada del fármaco Wegovy para el control de peso a partir de mayo,laSexta,NO,0.9999710321426392,2024-04-25 07:45:25.131806
10278,Victoria Beckham considera a la reina Letizia su 'musa definitiva': 'Nunca se equivoca en térmi,laSexta,SI,0.7681415677070618,2024-04-25 07:45:25.131806
10279,Un juez de Madrid ve indicios de revelación de secretos en la nota de la Fiscalía sobre el novio de Ayuso,laSexta,NO,0.9983250498771667,2024-04-25 07:45:25.131806
10280,Este taxista es abroncado por la suegra de su clienta cuando regresa para devolver el móvil de la chica,laSexta,SI,0.9999512434005736,2024-04-25 07:45:25.131806
10281,Una joven ingresa en la UCI tras ingerir un café con insectos de una máquina del aeropuerto de Palma,laSexta,NO,0.9996858835220336,2024-04-25 07:45:25.131806
10282,"Maestre, tras las elecciones vascas: 'Es increíble cómo ha cambiado la sociedad desde el fin de ETA; esa",laSexta,NO,0.9999068975448608,2024-04-25 07:45:25.131806
10283,Aitana y Sebastián Yatra: las primeras imágenes de su romántico viaje a Islandia tras su reconciliación,laSexta,SI,0.9999610185623168,2024-04-25 07:45:25.131806
10284,El viral en el que Alec Baldwin golpea el móvil de una mujer que le acosa: '¿Por qué mataste a aquella mu,laSexta,SI,0.9999668598175048,2024-04-25 07:45:25.131806
10285,La cómica respuesta de una señora a Pedro Sánchez: '¿Quieres decir que yo no soy joven?',laSexta,SI,0.9999657869338988,2024-04-25 07:45:25.131806
10286,"Un youtuber 'alquila' una novia en Japón: 'Puedo cogerle de la mano o sostener el brazo, pero no",laSexta,SI,0.9999266862869264,2024-04-25 07:45:25.131806
10287,Feijóo acusa a Sánchez de una dejación de funciones sin precedentes y de victimizarse con fines electorales,RTVE,NO,0.9999665021896362,2024-04-25 07:45:25.131806
10288,Luna llena de abril 2024: cómo y cuándo ver la luna rosa,RTVE,SI,0.9974119067192078,2024-04-25 07:45:25.131806
10289,El tiempo esta semana en España: las temperaturas se desploman,RTVE,NO,0.99994158744812,2024-04-25 07:45:25.131806
10290,La NASA planea traer las muestras de Marte durante 2030,RTVE,NO,0.9999287128448486,2024-04-25 07:45:25.131806
10291,"Haití: 'Barbecue', el expolicía convertido en líder pandillero",RTVE,NO,0.9999685287475586,2024-04-25 07:45:25.131806
10292,Victoria histórica de UAW al sindicar la planta de Volkswagen en EE.UU.,RTVE,NO,0.9999712705612184,2024-04-25 07:45:25.131806
10293,Descubren que la luna de Júpiter Ío tiene actividad volcánica desde hace miles de millones de años,RTVE,NO,0.9998441934585572,2024-04-25 07:45:25.131806
10294,El mapa de la guerra: Ucrania ataca cuatro regiones rusas y avanza cerca de Bajmut,RTVE,NO,0.9999662637710572,2024-04-25 07:45:25.131806
10295,"Las minorías étnicas, poco representadas en los estudios médicos",RTVE,NO,0.9999568462371826,2024-04-25 07:45:25.131806
10296,Yolanda Díaz reclama a Sánchez la 'paralización' de la OPA Naturgy,RTVE,NO,0.9999734163284302,2024-04-25 07:45:25.131806
10297,"La NASA confirma Dragonfly, la misión que visitará la luna Titán",RTVE,NO,0.999963641166687,2024-04-25 07:45:25.131806
10298,Puig saldrá a bolsa con una valoración de hasta 13.900 millones,RTVE,NO,0.9999706745147704,2024-04-25 07:45:25.131806
10299,Ebro y Chery producirán 150.000 vehículos en 2029,RTVE,NO,0.999969244003296,2024-04-25 07:45:25.131806
10300,Italia multa a Amazon con 10 millones por inducir a compra periódica,RTVE,NO,0.999970555305481,2024-04-25 07:45:25.131806
10301,La FED y el BCE toman caminos diferentes con sus tipos de interés,RTVE,NO,0.9999675750732422,2024-04-25 07:45:25.131806
10302,La pareja de Ayuso propuso asumir ocho meses de cárcel para no ir a juicio,RTVE,SI,0.9983339905738832,2024-04-25 07:45:25.131806
10303,Caballos de la Caballería Real hieren a cuatro personas al escaparse en Londres,RTVE,NO,0.9999648332595824,2024-04-25 07:45:25.131806
10304,El Gobierno logra aumentar la participación en Telefónica hasta el 5%,RTVE,NO,0.9999661445617676,2024-04-25 07:45:25.131806
10305,Grandes cómics para regalar o darse un capricho en este Día del Libro,RTVE,SI,0.9999657869338988,2024-04-25 07:45:25.131806
10306,Detenido un hombre por agredir sexualmente a dos niñas,RTVE,NO,0.9999542236328124,2024-04-25 07:45:25.131806
10307,Cataluña regula el alquiler de temporada para frenar el fraude en el límite de rentas,RTVE,NO,0.9999701976776124,2024-04-25 07:45:25.131806
10308,El Constitucional inadmite el recurso de Cs contra la candidatura de Puigdemont,RTVE,NO,0.956616997718811,2024-04-25 07:45:25.131806
10309,'La sociedad de la nieve’ arrasa en los Premios Platino 2024,RTVE,NO,0.9999276399612428,2024-04-25 07:45:25.131806
10310,La princesa de los Países Bajos fue acogida en España tras ser amenazada por la mafia,RTVE,NO,0.9980663657188416,2024-04-25 07:45:25.131806
10311,Los mapas de la semana 112ª de la guerra en Ucrania,RTVE,NO,0.999934196472168,2024-04-25 07:45:25.131806
10312,La mayoría de las 473 plazas vacantes de MIR son de médico de familia,RTVE,NO,0.9979664087295532,2024-04-25 07:45:25.131806
10313,"Sabina, Unamuno, Alberti y otros legados del Instituto Cervantes",RTVE,NO,0.9990602135658264,2024-04-25 07:45:25.131806
10314,"El Rey del Cachopo reconoce en una carta, por primera vez, el asesinato de Heidi Paz",RTVE,NO,0.7174911499023438,2024-04-25 07:45:25.131806
10315,"Las reinas Máxima y Letizia, unidas en favor de la salud mental",RTVE,NO,0.9997177720069884,2024-04-25 07:45:25.131806
10316,Bruselas investiga los riesgos de la nueva 'app' de TikTok en España que paga a los usuarios por ver vídeos,RTVE,NO,0.9999680519104004,2024-04-25 07:45:25.131806
10317,IA y fotografía espectral para estudiar los manuscritos de Lópe de Vega,RTVE,NO,0.9990087747573853,2024-04-25 07:45:25.131806
10318,Fraude: la DGT no manda este SMS para que pagues una multa,RTVE,SI,0.9359180331230164,2024-04-25 07:45:25.131806
10319,Elecciones vascas 2024: Bildu se impulsa donde más se habla euskera,RTVE,NO,0.9999656677246094,2024-04-25 07:45:25.131806
10320,"La mitad de los españoles recorta gastos en comida, energía y salud",RTVE,NO,0.999971866607666,2024-04-25 07:45:25.131806
10321,"Fentanilo: desolación, desamparo y muerte en San Francisco",RTVE,NO,0.999969244003296,2024-04-25 07:45:25.131806
10322,"RTVE patrula la 'Línea azul', la frontera entre Líbano e Israel",RTVE,NO,0.9999721050262452,2024-04-25 07:45:25.131806
10323,El Constitucional tumba el recurso del Gobierno contra la ley gallega del litoral,RTVE,NO,0.9999624490737916,2024-04-25 07:45:25.131806
10324,Defensa activa la repatriación del vasco enfermo en Tailandia,RTVE,NO,0.9999704360961914,2024-04-25 07:45:25.131806
10325,Irán exhibe su arsenal militar en plena crisis con Israel: 'Si hubiéramos querido ya no existirían',RTVE,NO,0.9999673366546632,2024-04-25 07:45:25.131806
10326,Illa niega que Sanidad comprara mascarillas a la trama 'Koldo',RTVE,NO,0.994779109954834,2024-04-25 07:45:25.131806
10327,El presidente de Guatemala se reduce el salario un 25%,RTVE,NO,0.9999679327011108,2024-04-25 07:45:25.131806
10328,Interrumpen a Von der Leyen y la acusan de tener 'sangre de niños palestinos' en sus manos,RTVE,NO,0.994494616985321,2024-04-25 07:45:25.131806
10329,Noboa decreta un nuevo estado de excepción en Ecuador de 60 días,RTVE,NO,0.99997079372406,2024-04-25 07:45:25.131806
10330,Las universidades de Argentina protestan contra los recortes,RTVE,NO,0.9999711513519288,2024-04-25 07:45:25.131806
10331,EE.UU. veta a Palestina como Estado de pleno derecho en la ONU,RTVE,NO,0.999970555305481,2024-04-25 07:45:25.131806
10332,Los países europeos del sur piden mayor esfuerzo en inmigración,RTVE,NO,0.999969720840454,2024-04-25 07:45:25.131806
10333,Un hombre se quema a lo bonzo durante el juicio contra Donald Trump,RTVE,SI,0.9999144077301024,2024-04-25 07:45:25.131806
10334,El síndrome del trabajador quemado: qué es y principales efectos,RTVE,SI,0.980122208595276,2024-04-25 07:45:25.131806
10335,Reino Unido aprueba la ley para deportar migrantes a Ruanda,RTVE,NO,0.9999717473983764,2024-04-25 07:45:25.131806
10336,Recomendaciones Día del Libro: El poder del viaje y la profundidad,RTVE,NO,0.9977465271949768,2024-04-25 07:45:25.131806
10337,Feijóo acusa a Sánchez de una dejación de funciones sin precedentes y de victimizarse con fines electorales,RTVE,NO,0.9999665021896362,2024-04-25 07:45:25.131806
10338,Luna llena de abril 2024: cómo y cuándo ver la luna rosa,RTVE,SI,0.9974119067192078,2024-04-25 07:45:25.131806
10339,El tiempo esta semana en España: las temperaturas se desploman,RTVE,NO,0.99994158744812,2024-04-25 07:45:25.131806
10340,La NASA planea traer las muestras de Marte durante 2030,RTVE,NO,0.9999287128448486,2024-04-25 07:45:25.131806
10341,"Haití: 'Barbecue', el expolicía convertido en líder pandillero",RTVE,NO,0.9999685287475586,2024-04-25 07:45:25.131806
10342,Victoria histórica de UAW al sindicar la planta de Volkswagen en EE.UU.,RTVE,NO,0.9999712705612184,2024-04-25 07:45:25.131806
10343,Descubren que la luna de Júpiter Ío tiene actividad volcánica desde hace miles de millones de años,RTVE,NO,0.9998441934585572,2024-04-25 07:45:25.131806
10344,El mapa de la guerra: Ucrania ataca cuatro regiones rusas y avanza cerca de Bajmut,RTVE,NO,0.9999662637710572,2024-04-25 07:45:25.131806
10345,"Las minorías étnicas, poco representadas en los estudios médicos",RTVE,NO,0.9999568462371826,2024-04-25 07:45:25.131806
10346,Yolanda Díaz reclama a Sánchez la 'paralización' de la OPA Naturgy,RTVE,NO,0.9999734163284302,2024-04-25 07:45:25.131806
10347,"La NASA confirma Dragonfly, la misión que visitará la luna Titán",RTVE,NO,0.999963641166687,2024-04-25 07:45:25.131806
10348,Puig saldrá a bolsa con una valoración de hasta 13.900 millones,RTVE,NO,0.9999706745147704,2024-04-25 07:45:25.131806
10349,Ebro y Chery producirán 150.000 vehículos en 2029,RTVE,NO,0.999969244003296,2024-04-25 07:45:25.131806
10350,Italia multa a Amazon con 10 millones por inducir a compra periódica,RTVE,NO,0.999970555305481,2024-04-25 07:45:25.131806
10351,La FED y el BCE toman caminos diferentes con sus tipos de interés,RTVE,NO,0.9999675750732422,2024-04-25 07:45:25.131806
10352,La pareja de Ayuso propuso asumir ocho meses de cárcel para no ir a juicio,RTVE,SI,0.9983339905738832,2024-04-25 07:45:25.131806
10353,Caballos de la Caballería Real hieren a cuatro personas al escaparse en Londres,RTVE,NO,0.9999648332595824,2024-04-25 07:45:25.131806
10354,El Gobierno logra aumentar la participación en Telefónica hasta el 5%,RTVE,NO,0.9999661445617676,2024-04-25 07:45:25.131806
10355,Grandes cómics para regalar o darse un capricho en este Día del Libro,RTVE,SI,0.9999657869338988,2024-04-25 07:45:25.131806
10356,Detenido un hombre por agredir sexualmente a dos niñas,RTVE,NO,0.9999542236328124,2024-04-25 07:45:25.131806
10357,Cataluña regula el alquiler de temporada para frenar el fraude en el límite de rentas,RTVE,NO,0.9999701976776124,2024-04-25 07:45:25.131806
10358,El Constitucional inadmite el recurso de Cs contra la candidatura de Puigdemont,RTVE,NO,0.956616997718811,2024-04-25 07:45:25.131806
10359,'La sociedad de la nieve’ arrasa en los Premios Platino 2024,RTVE,NO,0.9999276399612428,2024-04-25 07:45:25.131806
10360,La princesa de los Países Bajos fue acogida en España tras ser amenazada por la mafia,RTVE,NO,0.9980663657188416,2024-04-25 07:45:25.131806
10361,Los mapas de la semana 112ª de la guerra en Ucrania,RTVE,NO,0.999934196472168,2024-04-25 07:45:25.131806
10362,La mayoría de las 473 plazas vacantes de MIR son de médico de familia,RTVE,NO,0.9979664087295532,2024-04-25 07:45:25.131806
10363,"Sabina, Unamuno, Alberti y otros legados del Instituto Cervantes",RTVE,NO,0.9990602135658264,2024-04-25 07:45:25.131806
10364,"El Rey del Cachopo reconoce en una carta, por primera vez, el asesinato de Heidi Paz",RTVE,NO,0.7174911499023438,2024-04-25 07:45:25.131806
10365,"Las reinas Máxima y Letizia, unidas en favor de la salud mental",RTVE,NO,0.9997177720069884,2024-04-25 07:45:25.131806
10366,Bruselas investiga los riesgos de la nueva 'app' de TikTok en España que paga a los usuarios por ver vídeos,RTVE,NO,0.9999680519104004,2024-04-25 07:45:25.131806
10367,IA y fotografía espectral para estudiar los manuscritos de Lópe de Vega,RTVE,NO,0.9990087747573853,2024-04-25 07:45:25.131806
10368,Fraude: la DGT no manda este SMS para que pagues una multa,RTVE,SI,0.9359180331230164,2024-04-25 07:45:25.131806
10369,Elecciones vascas 2024: Bildu se impulsa donde más se habla euskera,RTVE,NO,0.9999656677246094,2024-04-25 07:45:25.131806
10370,"La mitad de los españoles recorta gastos en comida, energía y salud",RTVE,NO,0.999971866607666,2024-04-25 07:45:25.131806
10371,"Fentanilo: desolación, desamparo y muerte en San Francisco",RTVE,NO,0.999969244003296,2024-04-25 07:45:25.131806
10372,"RTVE patrula la 'Línea azul', la frontera entre Líbano e Israel",RTVE,NO,0.9999721050262452,2024-04-25 07:45:25.131806
10373,El Constitucional tumba el recurso del Gobierno contra la ley gallega del litoral,RTVE,NO,0.9999624490737916,2024-04-25 07:45:25.131806
10374,Defensa activa la repatriación del vasco enfermo en Tailandia,RTVE,NO,0.9999704360961914,2024-04-25 07:45:25.131806
10375,Irán exhibe su arsenal militar en plena crisis con Israel: 'Si hubiéramos querido ya no existirían',RTVE,NO,0.9999673366546632,2024-04-25 07:45:25.131806
10376,Illa niega que Sanidad comprara mascarillas a la trama 'Koldo',RTVE,NO,0.994779109954834,2024-04-25 07:45:25.131806
10377,El presidente de Guatemala se reduce el salario un 25%,RTVE,NO,0.9999679327011108,2024-04-25 07:45:25.131806
10378,Interrumpen a Von der Leyen y la acusan de tener 'sangre de niños palestinos' en sus manos,RTVE,NO,0.994494616985321,2024-04-25 07:45:25.131806
10379,Noboa decreta un nuevo estado de excepción en Ecuador de 60 días,RTVE,NO,0.99997079372406,2024-04-25 07:45:25.131806
10380,Las universidades de Argentina protestan contra los recortes,RTVE,NO,0.9999711513519288,2024-04-25 07:45:25.131806
10381,EE.UU. veta a Palestina como Estado de pleno derecho en la ONU,RTVE,NO,0.999970555305481,2024-04-25 07:45:25.131806
10382,Los países europeos del sur piden mayor esfuerzo en inmigración,RTVE,NO,0.999969720840454,2024-04-25 07:45:25.131806
10383,Un hombre se quema a lo bonzo durante el juicio contra Donald Trump,RTVE,SI,0.9999144077301024,2024-04-25 07:45:25.131806
10384,El síndrome del trabajador quemado: qué es y principales efectos,RTVE,SI,0.980122208595276,2024-04-25 07:45:25.131806
10385,Reino Unido aprueba la ley para deportar migrantes a Ruanda,RTVE,NO,0.9999717473983764,2024-04-25 07:45:25.131806
10386,Recomendaciones Día del Libro: El poder del viaje y la profundidad,RTVE,NO,0.9977465271949768,2024-04-25 07:45:25.131806
10387,Vicente Vallés sobre las opciones de Sánchez: 'Quién sabe si convocará elecciones',Antena 3 Noticias,NO,0.9997162222862244,2024-04-25 07:45:25.131806
10388,Cárcel para el influencer Maxim Lyutyi por dejar morir de hambre a su bebé recién nacido al 'alimentarle,Antena 3 Noticias,NO,0.999941110610962,2024-04-25 07:45:25.131806
10389,Roberto Brasero te cuenta la manera en la que podría llover este fin de semana,Antena 3 Noticias,SI,0.9999563694000244,2024-04-25 07:45:25.131806
10390,El mensaje de uno de los rehenes de Hamás: 'Cada día nos ignoráis más... Llevadnos a casa inmediatamente&,Antena 3 Noticias,NO,0.9988468885421752,2024-04-25 07:45:25.131806
10391,"Un niño encuentra los cadáveres de cinco miembros de una familia, entre ellos dos menores: 'Todos muriero",Antena 3 Noticias,NO,0.9999382495880128,2024-04-25 07:45:25.131806
10392,Previsión El Tiempo | Roberto Brasero avisa del frío ártico que predominará esta semana,Antena 3 Noticias,NO,0.9999624490737916,2024-04-25 07:45:25.131806
10393,Euromillones: Resultado de hoy martes 23 de abril de 2024,Antena 3 Noticias,NO,0.999970316886902,2024-04-25 07:45:25.131806
10394,Salvador Illa niega tajantemente su implicación en el 'caso Koldo': 'El Ministerio de Sanidad com,Antena 3 Noticias,NO,0.999936819076538,2024-04-25 07:45:25.131806
10395,Muere una turista de 31 años al caer al cráter de un volcán mientras se hacía un 'selfie',Antena 3 Noticias,NO,0.9997568726539612,2024-04-25 07:45:25.131806
10396,"'Este miércoles suben las temperaturas', Mercedes Martín avanza el tiempo",Antena 3 Noticias,NO,0.9999547004699708,2024-04-25 07:45:25.131806
10397,Líridas abril 2024: ¿Hasta cuánto son y cómo ver esta lluvia de estrellas?,Antena 3 Noticias,SI,0.9998916387557985,2024-04-25 07:45:25.131806
10398,Así son los blindados Bradley que enviará EEUU a Ucrania para combatir contra Rusia,Antena 3 Noticias,NO,0.9999254941940308,2024-04-25 07:45:25.131806
10399,VÍDEO: El singular enfado de Josep Borrell al ser interrumpido en la Eurocámara,Antena 3 Noticias,NO,0.852546215057373,2024-04-25 07:45:25.131806
10400,Hallan una posible solución contra el daño al corazón que produce la medicación contra el cáncer,Antena 3 Noticias,NO,0.9996633529663086,2024-04-25 07:45:25.131806
10401,Desahuciada tras 40 años viviendo en un piso de protección oficial,Antena 3 Noticias,NO,0.99984872341156,2024-04-25 07:45:25.131806
10402,Vídeo | Un hombre captura a un cocodrilo de grandes dimensiones con sus propias manos en plena calle,Antena 3 Noticias,NO,0.9997960925102234,2024-04-25 07:45:25.131806
10403,"La historia de Zoe, una niña con una enfermedad rara que hace pulseras de colores",Antena 3 Noticias,SI,0.9999667406082152,2024-04-25 07:45:25.131806
10404,Crean una vacuna universal para la gripe eficaz ante cualquier cepa con una sola dosis,Antena 3 Noticias,NO,0.9998879432678224,2024-04-25 07:45:25.131806
10405,"Este es el ancestral alimento que acabará con el hambre en el mundo, según Bill Gates",Antena 3 Noticias,SI,0.999739110469818,2024-04-25 07:45:25.131806
10406,Todos los candidatos de las elecciones catalanas 2024,Antena 3 Noticias,NO,0.9990226030349731,2024-04-25 07:45:25.131806
10407,El famoso músico que será el primer pasajero de un coche volador,Antena 3 Noticias,SI,0.9996728897094728,2024-04-25 07:45:25.131806
10408,Ingresa hasta en tres ocasiones en la UCI con solo cinco años por ingerir magdalenas con cannabis,Antena 3 Noticias,NO,0.8916814923286438,2024-04-25 07:45:25.131806
10409,Un túnel submarino de 1800 kilómetros: el reto de la ingeniería que conectaría la India con Emiratos Árabes,Antena 3 Noticias,NO,0.9999598264694214,2024-04-25 07:45:25.131806
10410,Descubren características del VIH compatibles con su curación,Antena 3 Noticias,SI,0.6895411014556885,2024-04-25 07:45:25.131806
10411,Resultado Lotería Primitiva: Comprobar número hoy sábado 20 de abril de 2024,Antena 3 Noticias,NO,0.9999537467956544,2024-04-25 07:45:25.131806
10412,Puigdemont presenta a sus candidatos para las elecciones europeas con Toni Comín como cabeza de lista,Antena 3 Noticias,NO,0.9999659061431884,2024-04-25 07:45:25.131806
10413,Alec Baldwin 'golpea' el teléfono de una mujer que le pedía decir 'Palestina Libre',Antena 3 Noticias,SI,0.9999382495880128,2024-04-25 07:45:25.131806
10414,Varios heridos tras la fuga de caballos del Ejército que galopaban sin control por Londres,Antena 3 Noticias,NO,0.9999650716781616,2024-04-25 07:45:25.131806
10415,Fotografía de riesgo: una joven al límite para sacarse una foto en Vigo,Antena 3 Noticias,NO,0.8177480697631836,2024-04-25 07:45:25.131806
10416,Hacienda devuelve a los pensionistas el dinero pagado de más en el IRPF de estos años por mutualidades,Antena 3 Noticias,NO,0.9999680519104004,2024-04-25 07:45:25.131806
10417,Bonoloto: Resultado del sorteo de hoy martes 23 de abril de 2024,Antena 3 Noticias,NO,0.999968647956848,2024-04-25 07:45:25.131806
10418,Un desajuste judicial podría haber facilitado la fuga del líder mafioso Karim Bouyakhrichan,Antena 3 Noticias,NO,0.9989117383956908,2024-04-25 07:45:25.131806
10419,Video | Rescatan con vida a un bebé del interior de una fosa séptica en El Salvador tras oír su llanto,Antena 3 Noticias,NO,0.9999518394470216,2024-04-25 07:45:25.131806
10420,Se derrumban dos edificios tras los dos terremotos de más de 6 grados de magnitud en Taiwán,Antena 3 Noticias,NO,0.9999709129333496,2024-04-25 07:45:25.131806
10421,Al menos tres heridos en un ataque en un instituto de Gales,Antena 3 Noticias,NO,0.9999712705612184,2024-04-25 07:45:25.131806
10422,Amazon habría espiado a la competencia durante una década utilizando a empleados como infiltrados,Antena 3 Noticias,SI,0.6821982264518738,2024-04-25 07:45:25.131806
10423,Investigan a dos guardias civiles por la muerte de un hombre en una narcolancha en Cádiz,Antena 3 Noticias,NO,0.9999690055847168,2024-04-25 07:45:25.131806
10424,Comprobar ONCE: Resultado del Cupón Diario y Super Once hoy martes 23 de abril de 2024,Antena 3 Noticias,NO,0.9998204112052916,2024-04-25 07:45:25.131806
10425,Desarticulada en una macrooperación policial la banda de 'los trinitarios' que operaba en Navarra,Antena 3 Noticias,NO,0.9999197721481324,2024-04-25 07:45:25.131806
10426,"La decisión de urgencia a la que se enfrentaron los médicos con Álex, el español enfermo de pancreatitis repat",Antena 3 Noticias,NO,0.8697469234466553,2024-04-25 07:45:25.131806
10427,Las gemelas siamesas Carmen y Lupita revelan cómo sienten el sexo y qué pasará cuando una de ellas muera,Antena 3 Noticias,SI,0.9999730587005616,2024-04-25 07:45:25.131806
10428,"Se necesita un donante urgente para Alejandro, un niño de 10 años con leucemia",Antena 3 Noticias,NO,0.9999456405639648,2024-04-25 07:45:25.131806
10429,Un matrimonio denuncia la presión que sufren por parte de su casero: 'Me coaccionan para que abandone el,Antena 3 Noticias,SI,0.9932548999786376,2024-04-25 07:45:25.131806
10430,"Vídeo | Un todoterreno sube los 10 escalones de un portal e impacta contra el ascensor, que tenía personas den",Antena 3 Noticias,NO,0.975070297718048,2024-04-25 07:45:25.131806
10431,VÍDEO: Así ha sido la entrega del Premio Cervantes al escritor Luis Mateo Díez,Antena 3 Noticias,NO,0.9997034668922424,2024-04-25 07:45:25.131806
10432,"Detenida una conductora kamikaze, que cuadriplicaba la tasa de alcoholemia y llevaba un kilo de cocaína en el",Antena 3 Noticias,NO,0.9999659061431884,2024-04-25 07:45:25.131806
10433,"'Menores de edad, no de derechos digitales', la nueva iniciativa de Atresmedia y Unicef para garanti",Antena 3 Noticias,NO,0.9999524354934692,2024-04-25 07:45:25.131806
10434,Venden en Wallapop los ladrillos del monumento al 11M de Atocha que el Ayuntamiento les regaló,Antena 3 Noticias,NO,0.9992584586143494,2024-04-25 07:45:25.131806
10435,Las familias pagan a los colegios concertados casi mil millones de euros al año en cuotas ilegales,Antena 3 Noticias,NO,0.9999058246612548,2024-04-25 07:45:25.131806
10436,La vicepresidenta Teresa Ribera será la candidata del PSOE para las elecciones europeas,Antena 3 Noticias,NO,0.9999659061431884,2024-04-25 07:45:25.131806
10437,Aterriza en la base de Torrejón el avión con los restos mortales del militar fallecido en Polonia,EL ESPAÑOL,NO,0.9999685287475586,2024-04-25 07:45:25.131806
10438,"Pedro Sánchez se plantea dimitir, en directo | Partidarios y adversarios de Sánchez se concentran en Ferraz",EL ESPAÑOL,NO,0.999968647956848,2024-04-25 07:45:25.131806
10439,Hallan una narcolancha igual a la del crimen de Barbate y los detenidos piden cotejarla con la suya,EL ESPAÑOL,NO,0.9998514652252196,2024-04-25 07:45:25.131806
10440,Puigdemont y grupos del PSOE auguran una moción de confianza de Sánchez para dar un golpe de efecto,EL ESPAÑOL,NO,0.9994953870773317,2024-04-25 07:45:25.131806
10441,Sánchez dijo que dimitía este miércoles pero optó con su equipo por abrir un paréntesis de cinco días,EL ESPAÑOL,NO,0.9534428119659424,2024-04-25 07:45:25.131806
10442,El enigma del cambio de actitud de Sánchez: a las 9.00 creía en la Justicia y a las 20.00 baraja dimitir,EL ESPAÑOL,SI,0.9999345541000366,2024-04-25 07:45:25.131806
10443,"El retorno de Miguel Bernad, de profesión querellante: ahora, contra la mujer del presidente",EL ESPAÑOL,NO,0.9978927969932556,2024-04-25 07:45:25.131806
10444,Pedro J. Ramírez: 'Hay una sobrerreacción de Sánchez y lo está gestionando de forma muy irresponsable',EL ESPAÑOL,NO,0.9726640582084656,2024-04-25 07:45:25.131806
10445,El PSOE lleva la batalla por la memoria a Estrasburgo y PP y Cs le recuerdan que 'blanquea a Bildu',EL ESPAÑOL,SI,0.7119350433349609,2024-04-25 07:45:25.131806
10446,"Talleres, actividades y visitas de autores: así fomenta ELIS el uso del libro en las aulas",EL ESPAÑOL,NO,0.99994957447052,2024-04-25 07:45:25.131806
10447,Feijóo acusa a Sánchez de 'dejación de funciones' y relaciona el amago de dimisión con las catalanas,EL ESPAÑOL,NO,0.9998950958251952,2024-04-25 07:45:25.131806
10448,La Policía acordona Génova y los fieles de Sánchez se concentran en Ferraz para que no dimita,EL ESPAÑOL,NO,0.9999701976776124,2024-04-25 07:45:25.131806
10449,Reunión de emergencia en Moncloa: Sánchez convoca a la cúpula del Gobierno para decidir su futuro,EL ESPAÑOL,NO,0.9999659061431884,2024-04-25 07:45:25.131806
10450,El PP llama 'Operación Mártir' al amago de dimitir de Sánchez : 'Tiene que haber algo muy gordo',EL ESPAÑOL,SI,0.900338888168335,2024-04-25 07:45:25.131806
10451,"La izquierda cierra filas con Sánchez, desde Page hasta Iglesias, y el PSOE resucita el 'no pasarán'",EL ESPAÑOL,NO,0.9540531635284424,2024-04-25 07:45:25.131806
10452,Qué pasa si Pedro Sánchez dimite el lunes: las claves detrás del órdago del presidente del Gobierno,EL ESPAÑOL,SI,0.999661922454834,2024-04-25 07:45:25.131806
10453,España en vilo: Sánchez abre una crisis insólita al supeditar su continuidad a cinco días de 'reflexión',EL ESPAÑOL,NO,0.9997803568840028,2024-04-25 07:45:25.131806
10454,Illa se corrige: admite que envió a Koldo a su jefe de gabinete para que él 'lo remitiese a los técnicos',EL ESPAÑOL,NO,0.9977477192878724,2024-04-25 07:45:25.131806
10455,Lo que sabemos y lo que no sabemos sobre el máster de Begoña Gómez y las denuncias contra ella,EL ESPAÑOL,SI,0.9998941421508788,2024-04-25 07:45:25.131806
10456,"Actualidad política, en directo | Puigdemont reacciona al anuncio de Sánchez: 'Siempre puede presentar una cuestión de confianza y despejar todas las dudas'",EL ESPAÑOL,NO,0.9998701810836792,2024-04-25 07:45:25.131806
10457,"Sánchez: 'Vivo con impotencia el fango que se esparce sobre mi mujer, me pregunto si debo continuar o renunciar'",EL ESPAÑOL,NO,0.9996441602706908,2024-04-25 07:45:25.131806
10458,La cúpula fiscal avala a su número 2 y decide pedir la inadmisión de la querella del novio de Ayuso,EL ESPAÑOL,NO,0.931179404258728,2024-04-25 07:45:25.131806
10459,El TC ve inconstitucionales los límites mínimos de las sanciones a partidos que superen el gasto electoral,EL ESPAÑOL,NO,0.9999504089355468,2024-04-25 07:45:25.131806
10460,La España vaciada presenta su candidatura europea poniendo el foco en la política agraria,EL ESPAÑOL,NO,0.9999433755874634,2024-04-25 07:45:25.131806
10461,"El PP exige a Sánchez que aclare el 'escándalo' de su mujer y apunta al padre, al suegro y a su hermano",EL ESPAÑOL,SI,0.9268684387207032,2024-04-25 07:45:25.131806
10462,Andueza (PSE) asegura que el independentismo está en 'mínimos' con PNV y Bildu con el 68% del voto,EL ESPAÑOL,NO,0.9999324083328248,2024-04-25 07:45:25.131806
10463,Teresa Ribera encabezará la lista del PSOE a las europeas y hará campaña como vicepresidenta,EL ESPAÑOL,NO,0.9999220371246338,2024-04-25 07:45:25.131806
10464,Pedro J. tras hacer Sánchez suyos los votos de Bildu: 'Es la frase más grave que ha salido de sus labios',EL ESPAÑOL,NO,0.9993155002593994,2024-04-25 07:45:25.131806
10465,Un juez abre una causa secreta tras la denuncia contra Begoña Gómez por tráfico de influencias,EL ESPAÑOL,NO,0.9999343156814576,2024-04-25 07:45:25.131806
10466,"Sánchez, al conocer que un juez investiga a su mujer: 'A pesar de todo, hoy sigo creyendo en la Justicia'",EL ESPAÑOL,NO,0.99996018409729,2024-04-25 07:45:25.131806
10467,Sánchez se apunta ante Feijóo los votos de Bildu como propios: 'En el País Vasco les ganamos 9 a 1',EL ESPAÑOL,NO,0.9998062252998352,2024-04-25 07:45:25.131806
10468,Once personas detenidas en San Javier por documentación falsa y robo con fuerza,EL ESPAÑOL,NO,0.9999723434448242,2024-04-25 07:45:25.131806
10469,El Gobierno quiere que la Iglesia pague también la indemnización de abusos prescritos o sin pruebas,EL ESPAÑOL,NO,0.9944689273834229,2024-04-25 07:45:25.131806
10470,El Presupuesto imposible de Sánchez: Puigdemont exige 22.000 M más y la UE le obliga a recortar 9.200,EL ESPAÑOL,NO,0.9617845416069032,2024-04-25 07:45:25.131806
10471,"La España rural irá a las europeas: más de 100 partidos locales en torno a Guitarte, de Teruel Existe",EL ESPAÑOL,NO,0.9999258518218994,2024-04-25 07:45:25.131806
10472,El Gobierno reconocerá el Estado palestino sin votar en el Congreso: sólo informará a los partidos,EL ESPAÑOL,NO,0.9999285936355592,2024-04-25 07:45:25.131806
10473,El Gobierno no enviará a Ucrania ninguna de sus 4 baterías Patriot pero sí otras más antiguas,EL ESPAÑOL,NO,0.9986942410469056,2024-04-25 07:45:25.131806
10474,'Es marroquí y tiene mucho dinero': así se opuso la Fiscalía a liberar al capo de la Mocro Maffia,EL ESPAÑOL,NO,0.9999326467514038,2024-04-25 07:45:25.131806
10475,La doctrina del TS avala a la 2 de la Fiscalía: 'Difundir datos que ya circulan no viola el deber de reserva',EL ESPAÑOL,NO,0.9997119307518004,2024-04-25 07:45:25.131806
10476,Guilarte cree que Reynders pecó de 'ingenuo' al negociar con PSOE y PP la renovación del CGPJ,EL ESPAÑOL,NO,0.9298831820487976,2024-04-25 07:45:25.131806
10477,El PSOE rehúsa reconocer en el Congreso la labor de la Policía y la Guardia Civil 'en especial en Cataluña',EL ESPAÑOL,NO,0.7642737627029419,2024-04-25 07:45:25.131806
10478,Detenido en República Dominicana el ruso considerado líder de la estafa del 'cripto-cannabis',EL ESPAÑOL,NO,0.9999700784683228,2024-04-25 07:45:25.131806
10479,El CIS de Tezanos para las elecciones europeas le hurta 2 escaños al PP y le añade 4 al PSOE,EL ESPAÑOL,NO,0.9982264637947084,2024-04-25 07:45:25.131806
10480,"Azcón: 'Cataluña celebra Sant Jordi porque Aragón celebra San Jorge, eran un condado y Aragón, reino'",EL ESPAÑOL,NO,0.9707596898078918,2024-04-25 07:45:25.131806
10481,El PP celebra que se reabra 'Pegasus': 'El Gobierno no mostró interés por saber quién espió a Sánchez',EL ESPAÑOL,SI,0.7623341679573059,2024-04-25 07:45:25.131806
10482,El TC avala la candidatura de Puigdemont: podrá presentarse el 12-M pese a tener el DNI caducado,EL ESPAÑOL,NO,0.97551029920578,2024-04-25 07:45:25.131806
10483,Revés del TC al Gobierno: tumba por unanimidad su recurso contra la ley gallega del litoral de Rueda,EL ESPAÑOL,NO,0.999956488609314,2024-04-25 07:45:25.131806
10484,"PSOE y PP empatarían en las elecciones al Parlamento Europeo del 9 de junio, según el CIS",EL ESPAÑOL,NO,0.9999653100967408,2024-04-25 07:45:25.131806
10485,El Gobierno intenta que la Iglesia asuma la indemnización a víctimas de abusos sexuales,EL ESPAÑOL,NO,0.9999229907989502,2024-04-25 07:45:25.131806
10486,Imputan a dos guardias civiles por la muerte de un presunto narco en un choque de barcos en Cádiz,EL ESPAÑOL,NO,0.9999706745147704,2024-04-25 07:45:25.131806
10487,El juez Calama reabre la investigación sobre el espionaje con Pegasus gracias a datos de Francia,EL ESPAÑOL,NO,0.9999736547470092,2024-04-25 07:45:25.131806
10488,Otegi garantiza que un pacto PNV-PSE no pondrá en riesgo el apoyo de Bildu al Gobierno de Sánchez,EL ESPAÑOL,NO,0.9999600648880004,2024-04-25 07:45:25.131806
10489,Golpe al narco en el sur de España: 63 detenidos y 13 narcolanchas y 12.000 l de gasolina incautados,EL ESPAÑOL,NO,0.9999712705612184,2024-04-25 07:45:25.131806
10490,Guilarte envía a las Cortes una propuesta para superar la confrontación en la renovación del CGPJ,EL ESPAÑOL,NO,0.9999186992645264,2024-04-25 07:45:25.131806
10491,Se fuga de España el líder más peligroso de la Mocro Maffia tras una descoordinación judicial,EL ESPAÑOL,NO,0.999964714050293,2024-04-25 07:45:25.131806
10492,"Actualidad política, en directo | Bolaños, sobre Bildu: 'Nuestros pactos son el avance de derechos sociales, los de PP y Vox, el blanqueamiento del fascismo'",EL ESPAÑOL,NO,0.9999673366546632,2024-04-25 07:45:25.131806
10493,'Parecía que estábamos en los años 50': así ha sido el año sin agua de 80.000 vecinos de Córdoba,EL ESPAÑOL,SI,0.9904695153236388,2024-04-25 07:45:25.131806
10494,"Al PSOE se le tuerce el estreno de las comisiones de investigación: PP, ERC y Junts asedian a Illa",EL ESPAÑOL,NO,0.7269843220710754,2024-04-25 07:45:25.131806
10495,Coalición por Melilla intentó comprar 10.000 votos por correo para asegurar la victoria el 28-M,EL ESPAÑOL,NO,0.9999477863311768,2024-04-25 07:45:25.131806
10496,Otegi pide a Sánchez un 'estatus político diferente' para el País Vasco y al PNV un giro a la izquierda,EL ESPAÑOL,NO,0.9999407529830932,2024-04-25 07:45:25.131806
10497,Las 4 razones de la número dos de la Fiscalía para que no se admita la querella del novio de Ayuso,EL ESPAÑOL,SI,0.9998238682746888,2024-04-25 07:45:25.131806
10498,El éxito de Bildu humilla a víctimas de ETA: 'Se asienta sobre la sangre de nuestras familias',EL ESPAÑOL,NO,0.99978107213974,2024-04-25 07:45:25.131806
10499,Francos retrata a Koldo como un conseguidor: le ofreció material sanitario y 'software' informático,EL ESPAÑOL,NO,0.990456521511078,2024-04-25 07:45:25.131806
10500,Illa recibió a Koldo y lo redirigió 'a los técnicos' pero su jefe de gabinete se reunió tres veces con él,EL ESPAÑOL,NO,0.9964297413825988,2024-04-25 07:45:25.131806
10501,"Tsunami en el Central de Instrucción 6: Gadea se irá, García-Castellón se jubila y Pedraz quiere postularse",EL ESPAÑOL,NO,0.9999690055847168,2024-04-25 07:45:25.131806
10502,La hora de Koldo e Illa. ¿Son las comisiones de investigación son los nuevos mítines?,EL ESPAÑOL,SI,0.7547047734260559,2024-04-25 07:45:25.131806
10503,"Indemnización récord: una juez concede 3,3 millones a una mujer atropellada en un paso de cebra",EL ESPAÑOL,NO,0.9999710321426392,2024-04-25 07:45:25.131806
10504,IU pospone su ruptura con Sumar hasta después del 9-J: concurrirán juntos a las europeas,EL ESPAÑOL,NO,0.999963402748108,2024-04-25 07:45:25.131806
10505,Tres cadáveres políticos y un superviviente: el debate que hace cinco años tuvo en vilo a España,EL ESPAÑOL,NO,0.999920129776001,2024-04-25 07:45:25.131806
10506,El Colegio de Abogados de Madrid logra la suspensión de un juicio pedida por un letrado con la pierna rota,EL ESPAÑOL,NO,0.9999390840530396,2024-04-25 07:45:25.131806
10507,Moreno moviliza a sus bases para las catalanas: 'Una parte de Andalucía está en Cataluña',EL ESPAÑOL,NO,0.9999538660049438,2024-04-25 07:45:25.131806
10508,Así es 'La Senda': el cordón verde que rodeará al Centro Comercial Nueva Condomina en Murcia,EL ESPAÑOL,NO,0.948804259300232,2024-04-25 07:45:25.131806
10509,Illa reconoce que se vio con Koldo pero dice que le derivó a los técnicos y no se contrató con Soluciones,EL ESPAÑOL,NO,0.5521071553230286,2024-04-25 07:45:25.131806
10510,La Plataforma de Suelos Contaminados: 'Cartagena es la sexta ciudad más contaminada del país',EL ESPAÑOL,NO,0.9999555349349976,2024-04-25 07:45:25.131806
10511,"Francos, ex mano derecha de Illa, contradice su versión: 'El ministro me dijo: 'te llamará Koldo''",EL ESPAÑOL,NO,0.9999237060546876,2024-04-25 07:45:25.131806
10512,Por qué un criminólogo podría ser un buen periodista de sucesos: el Máster de El Español,EL ESPAÑOL,SI,0.9999667406082152,2024-04-25 07:45:25.131806
10513,Muere un militar del Ejército de Tierra en Polonia durante un ejercicio con fuego real,EL ESPAÑOL,NO,0.9999699592590332,2024-04-25 07:45:25.131806
10514,La fiscal encargada de la querella del novio de Ayuso obliga a convocar a la Junta de Fiscales de Sala,EL ESPAÑOL,NO,0.9998890161514282,2024-04-25 07:45:25.131806
10515,"Koldo fue a por el Oscar en cine mudo, pero acabó como Rocky: todos los ganchos a sus señorías",EL ESPAÑOL,SI,0.999944806098938,2024-04-25 07:45:25.131806
10516,El Gobierno y Canarias pactan una reforma legal urgente para repartir 2.500 menores migrantes a CCAA,EL ESPAÑOL,NO,0.9998999834060668,2024-04-25 07:45:25.131806
10517,Los vecinos del norte de Córdoba vuelven a beber agua del grifo un año después,EL ESPAÑOL,NO,0.9998140931129456,2024-04-25 07:45:25.131806
10518,Sémper: '¿Qué celebra el PSOE? ¿Que Bildu ha conseguido el mejor resultado de su historia?',EL ESPAÑOL,SI,0.7822374701499939,2024-04-25 07:45:25.131806
10519,Cuántos vascos han votado a Santiago Abascal en su pueblo en las elecciones vascas de 2024,EL ESPAÑOL,SI,0.9998047947883606,2024-04-25 07:45:25.131806
10520,El CIS de Tezanos vuelve a fracasar como en Galicia: dio ganador a Bildu a diez días de las elecciones,EL ESPAÑOL,NO,0.9999722242355348,2024-04-25 07:45:25.131806
10521,Koldo García atiza a Bildu en el Senado: 'Son ustedes los primeros que no tienen la conciencia tranquila',EL ESPAÑOL,NO,0.9999425411224364,2024-04-25 07:45:25.131806
10522,El exlíder de UGT Andalucía apunta que la Junta avalaba su gasto de las subvenciones,EL ESPAÑOL,NO,0.9994126558303832,2024-04-25 07:45:25.131806
10523,"Koldo trunca la comisión del Senado, se niega a declarar y dice que no sabe si aún milita en el PSOE",EL ESPAÑOL,NO,0.9999277591705322,2024-04-25 07:45:25.131806
10524,"Resultados elecciones País Vasco 2024, en directo | Madrid califica de 'preocupante la radicalización' en el País Vasco con el crecimiento de Bildu",EL ESPAÑOL,NO,0.9999723434448242,2024-04-25 07:45:25.131806
10525,Margarita Robles tras la repatriación de Álex García: 'El Ejército no deja a ningún español atrás',EL ESPAÑOL,NO,0.9958209991455078,2024-04-25 07:45:25.131806
10526,Qué es el voto CERA y por qué podría cambiar el resultado final de las elecciones en el País Vasco,EL ESPAÑOL,SI,0.9998514652252196,2024-04-25 07:45:25.131806
10527,"Resultados elecciones País Vasco 2024, en directo | El PNV gana en votos y empata en escaños con Bildu en los comicios del 21 de abril",EL ESPAÑOL,NO,0.9999709129333496,2024-04-25 07:45:25.131806
10528,"Actualidad política, en directo | Illa: 'Nunca tuve sospechas o dudas sobre Koldo García, me enteré de la trama por los medios'",EL ESPAÑOL,NO,0.9999481439590454,2024-04-25 07:45:25.131806
10529,Los partidos soberanistas vascos alcanzan su máximo histórico con casi el 68% de los votos,EL ESPAÑOL,NO,0.9999542236328124,2024-04-25 07:45:25.131806
10530,Interior presiona a Dubái para que persiga a capos de la droga que operan en España y se ocultan allí,EL ESPAÑOL,NO,0.9999661445617676,2024-04-25 07:45:25.131806
10531,El juez de 'Volhov' pide a Guilarte que reclame escolta de Policía Nacional en lugar de los Mossos,EL ESPAÑOL,NO,0.9999688863754272,2024-04-25 07:45:25.131806
10532,"Pradales, el candidato de Ortuzar para neutralizar a Bildu que alarga el reinado del PNV en el País Vasco",EL ESPAÑOL,NO,0.9998507499694824,2024-04-25 07:45:25.131806
10533,El PNV de Pradales aguanta ante un Bildu en pleno apogeo,EL ESPAÑOL,NO,0.999711573123932,2024-04-25 07:45:25.131806
10534,Pedro Sánchez rompe la tendencia a la baja y consolida su pacto a dos bandas con PNV y Bildu,EL ESPAÑOL,NO,0.9997636675834656,2024-04-25 07:45:25.131806
10535,"Elecciones País Vasco 2024, en directo | El PNV gana en votos y empata en escaños con Bildu en los comicios del 21 de abril",EL ESPAÑOL,NO,0.9999716281890868,2024-04-25 07:45:25.131806
10536,Ya no hay llama en el incendio forestal de Cabanes,COPE,NO,0.9999445676803588,2024-04-25 07:45:25.131806
10537,AMP.- Fallece un motorista de 21 años tras chocar contra un coche en Gondomar (Pontevedra),COPE,NO,0.9999524354934692,2024-04-25 07:45:25.131806
10538,"Un hombre crítico al sufrir una parada cardiorrespiratoria en la playa de las Alcaravaneras, en Gran Canaria",COPE,NO,0.9999552965164183,2024-04-25 07:45:25.131806
10539,O.Próximo.- Una fragata griega de la misión de la UE derriba un dron supuestamente lanzado por los hutíes desde Yemen,COPE,NO,0.9999501705169678,2024-04-25 07:45:25.131806
10540,El ejercicio fundamental para los japoneses que te hará perder peso: avalado por una experta,COPE,SI,0.9998358488082886,2024-04-25 07:45:25.131806
10541,Un motorista sin casco y sin permiso da positivo en alcohol tras sufrir un accidente en Pamplona,COPE,NO,0.9999719858169556,2024-04-25 07:45:25.131806
10542,Maíllo (IU) no ve una 'estrategia' tras la carta a la ciudadanía de Sánchez: 'La política deshumanizada no es política',COPE,NO,0.990500032901764,2024-04-25 07:45:25.131806
10543,"Belmonte (Cuenca) registra un terremoto de magnitud 3,4 que no deja daños",COPE,NO,0.9999691247940063,2024-04-25 07:45:25.131806
10544,Barceló Hotel Group presenta la IV edición del festival de música ‘Santa Catalina Classics’,COPE,NO,0.9999666213989258,2024-04-25 07:45:25.131806
10545,Fallece un motorista tras chocar contra un coche en Gondomar (Pontevedra),COPE,NO,0.9999711513519288,2024-04-25 07:45:25.131806
10546,Se presenta la obra 'En la frontera con Portugal: Ayamonte y su marquesado' en Diputación de Huelva,COPE,NO,0.9999194145202636,2024-04-25 07:45:25.131806
10547,Cinco personas asistidas tras incendio en el cuadro eléctrico de un edificio en Ontinyent,COPE,NO,0.9999655485153198,2024-04-25 07:45:25.131806
10548,Salud adjudica todas las plazas ofertadas para residentes en la Región,COPE,NO,0.9999722242355348,2024-04-25 07:45:25.131806
10549,Puy Du Fou España abre con 500.000 entradas ya vendidas y 50 completas,COPE,NO,0.9999374151229858,2024-04-25 07:45:25.131806
10550,Más de 100 caniches de todo el Estado se dan cita este sábado en Fene en la II Canichada de Galicia,COPE,SI,0.5622954964637756,2024-04-25 07:45:25.131806
10551,"Predicción meteorológica hoy jueves, 25 de abril, en Baleares: temperaturas en ascenso",COPE,NO,0.999968409538269,2024-04-25 07:45:25.131806
10552,"Córdoba Patrimonio Gastronómico, la marca con la que el Ayuntamiento promociona la cocina",COPE,NO,0.9999430179595948,2024-04-25 07:45:25.131806
10553,Declarado un conato de incendio forestal en Tegueste (Tenerife),COPE,NO,0.9999691247940063,2024-04-25 07:45:25.131806
10554,Sucesos.- Asistidos cinco hombres en un incendio de vivienda en Ontinyent,COPE,NO,0.9999669790267944,2024-04-25 07:45:25.131806
10555,“Lola Flores: Pasión y arte”: la exposición de moda flamenca en el Corte Inglés de Jerez,COPE,NO,0.9991347193717957,2024-04-25 07:45:25.131806
10556,Eligen a la alcaldesa de la capital presidenta de la Comisión de Vivienda y Urbanismo de la FEMP,COPE,NO,0.9999635219573976,2024-04-25 07:45:25.131806
10557,Casa Caridad advierte del impacto de la subida del precio del alquiler en la Comunidad Valenciana,COPE,NO,0.9999713897705078,2024-04-25 07:45:25.131806
10558,La capital pasa al nivel de 'normalidad' tras superar la 'alerta' por sequía,COPE,NO,0.9999637603759766,2024-04-25 07:45:25.131806
10559,El director general de Solgaleo avanza que 2024-2025 será la 'consolidación' de la empresa ourensana,COPE,NO,0.9998832941055298,2024-04-25 07:45:25.131806
10560,"El mensaje de Carlos Herrera a Pedro Sánchez tras su carta: 'Pedro, no merece la pena que sigas'",COPE,NO,0.8839280605316162,2024-04-25 07:45:25.131806
10561,¿Y qué pasa si Pedro Sánchez al final sí dimite? Estas son las posibilidades que prevé la legislación,Libertad Digital,SI,0.9925895929336548,2024-04-25 07:45:25.131806
10562,"Desconcierto en la prensa extranjera con la treta de Sánchez, que echa por tierra su imagen",Libertad Digital,NO,0.9998722076416016,2024-04-25 07:45:25.131806
10563,Sánchez registró en plena polémica por Bildu un texto por las víctimas de Franco sin una palabra para las de ETA,Libertad Digital,SI,0.9921939373016356,2024-04-25 07:45:25.131806
10564,La clave tras la carta 'elocuente' de Sánchez: 'No se sabe por dónde irá el juez',Libertad Digital,SI,0.9831072092056274,2024-04-25 07:45:25.131806
10565,Estas son las pruebas que apuntan a Illa en el caso PSOE-Koldo y el candidato de Sánchez a las catalanas ha escondido,Libertad Digital,NO,0.9940354824066162,2024-04-25 07:45:25.131806
10566,"Liaño, Macías, Ollero y Zaragoza: 'La independencia del Poder Judicial está en peligro por la injerencia política'",Libertad Digital,NO,0.9999648332595824,2024-04-25 07:45:25.131806
10567,"72 personas, cinco de ellos diputados, se manifiestan en Ferraz en apoyo de Pedro Sánchez",Libertad Digital,NO,0.9999622106552124,2024-04-25 07:45:25.131806
10568,Sumar y Podemos unen sus fuerzas por Sánchez,Libertad Digital,NO,0.9999583959579468,2024-04-25 07:45:25.131806
10569,Feijóo acusa a Sánchez de 'victimización' para no rendir cuentas y movilizar a su electorado,Libertad Digital,NO,0.9998763799667358,2024-04-25 07:45:25.131806
10570,"El PSOE, como el Liverpool: 'Nunca caminarás solo'",Libertad Digital,NO,0.8862612247467041,2024-04-25 07:45:25.131806
10571,"El rescate del Gobierno a Air Europa y el África Center, en el punto de mira de la investigación a Begoña Gómez",Libertad Digital,NO,0.9999748468399048,2024-04-25 07:45:25.131806
10572,Illa reconoce que Koldo García se presentó en el Ministerio 'sin cita previa',Libertad Digital,NO,0.9999619722366332,2024-04-25 07:45:25.131806
10573,Sánchez amenaza con dimitir como 'hombre profundamente enamorado': 'Necesito parar y reflexionar',Libertad Digital,NO,0.9973089694976808,2024-04-25 07:45:25.131806
10574,La Junta de Fiscales colonizada por García Ortiz rechaza investigar la filtración de Fiscalía contra el novio de Ayuso,Libertad Digital,NO,0.9999507665634156,2024-04-25 07:45:25.131806
10575,Neos lanza una aplicación que geolocaliza los asesinatos de ETA en España y Francia para que no se olviden,Libertad Digital,SI,0.9973902106285096,2024-04-25 07:45:25.131806
10576,Feministas socialistas denuncian ante la ONU que la Ley Trans española 'desactiva' la Ley contra la Violencia de Género,Libertad Digital,NO,0.9998724460601808,2024-04-25 07:45:25.131806
10577,Abascal se ausenta del arranque de campaña en Cataluña por un viaje a Hungría con Viktor Orbán,Libertad Digital,NO,0.99996018409729,2024-04-25 07:45:25.131806
10578,"El Gobierno, tocado ante la apertura de diligencias a Begoña Gómez: 'Se basa en bulos y noticias falsas'",Libertad Digital,NO,0.9988375306129456,2024-04-25 07:45:25.131806
10579,"El PP exige a Sánchez explicaciones 'urgentes' y señala a todo su entorno: mujer, padre, suegro y hermano",Libertad Digital,SI,0.9639330506324768,2024-04-25 07:45:25.131806
10580,Sánchez llora la investigación de Begoña Gómez jaleando a Bildu,Libertad Digital,NO,0.9999233484268188,2024-04-25 07:45:25.131806
10581,Sánchez llora la investigación de Begoña jaleando a Bildu,Libertad Digital,NO,0.9998099207878112,2024-04-25 07:45:25.131806
10582,Sánchez llora la investigación de Begoña brindando por Bildu,Libertad Digital,NO,0.9998338222503662,2024-04-25 07:45:25.131806
10583,"Teresa Ribera, candidata del PSOE a las europeas como vía para convertirse en comisaria",Libertad Digital,NO,0.999970316886902,2024-04-25 07:45:25.131806
10584,"Bolaños, vapuleado por Álvarez de Toledo y Tellado: '¿No se da cuenta? El preso es usted'",Libertad Digital,NO,0.999744713306427,2024-04-25 07:45:25.131806
10585,"Sánchez alude al escándalo en el Congreso: 'A pesar de todo, sigo creyendo en la justicia'",Libertad Digital,NO,0.9999123811721802,2024-04-25 07:45:25.131806
9255,"El Senado de EEUU aprueba un paquete de 95.000 millones en ayuda militar para Ucrania, Israel y Taiwán",El Mundo,NO,0.999970316886902,2024-04-24 06:44:26.225174
9256,El proyecto de Yolanda Díaz se desintegra un año después de su lanzamiento,El Mundo,NO,0.9887436628341676,2024-04-24 06:44:26.225174
9257,Una cúpula fiscal afín a García Ortiz se inclina por no ver delito en la filtración del novio de Ayuso,El Mundo,NO,0.944483757019043,2024-04-24 06:44:26.225174
9258,Los retrasos e incumplimientos de hitos podrían costarle a España hasta el 40% del cuarto desembolso de fondos europeos,El Mundo,NO,0.9998984336853028,2024-04-24 06:44:26.225174
9259,Amnistía Internacional advierte: 'El orden mundial creado tras 1945 está a punto de desaparecer',El Mundo,NO,0.9999512434005736,2024-04-24 06:44:26.225174
9260,"Tener la regla bien entrada en la cincuentena: 'Es un rollo, toca hablar de sofocos, no de compresas'",El Mundo,SI,0.8536636829376221,2024-04-24 06:44:26.225174
9261,"Valèria Sorolla, en la piel de una niña marcada por los crímenes sexuales de los 90: 'Los he sentido en mi cuerpo como si los hubiese vivido de cerca'",El Mundo,SI,0.542324960231781,2024-04-24 06:44:26.225174
9262,"Madrid según la Inteligencia Artificial: Vallecas y Usera, 'epítomes del mal gusto'; el Bernabéu, gran icono de la ciudad; Tierno Galván, el mejor alcalde; y Penélope Cruz, la más ilustre",El Mundo,NO,0.9012359976768494,2024-04-24 06:44:26.225174
9263,Un inesperado 'jardín' bajo el puente de Nuevos Ministerios: inspiración en el de Juan Bravo y 3.000 metros cuadrados para regenerar,El Mundo,SI,0.9834073185920716,2024-04-24 06:44:26.225174
9264,Detenida una conductora kamikaze en los túneles de la M-30: casi cuadruplicó la tasa de alcohol y tenía un kilo de cocaína,El Mundo,NO,0.9999570846557616,2024-04-24 06:44:26.225174
9265,El encuentro de Ryan Gosling y Emily Blunt: 'No hay algoritmo que explique lo que pasó con el fenómeno Barbenheimer',El Mundo,SI,0.9999614953994752,2024-04-24 06:44:26.225174
9266,"Cuando el fútbol pelea contra el Alzhéimer: 'No recordaba a sus hijas, pero sí a Di Stéfano'",El Mundo,NO,0.910738170146942,2024-04-24 06:44:26.225174
9267,La leyenda triplista de Llull: 624 'mandarinas' para superar a su ídolo,El Mundo,SI,0.9997451901435852,2024-04-24 06:44:26.225174
9268,Portada de EL MUNDO del miércoles 24 de abril de 2024,El Mundo,NO,0.9991636276245116,2024-04-24 06:44:26.225174
9269,El Real Madrid se pone en modo Final Four en una noche de récord para Llull,El Mundo,NO,0.9999699592590332,2024-04-24 06:44:26.225174
9270,"Illa, cercado en el Senado por los agujeros en su declaración sobre los tratos con Koldo",El Mundo,NO,0.9999727010726928,2024-04-24 06:44:26.225174
9271,Feijóo activa al 'equipo técnico' de Rivera y Arrimadas para 'ensanchar' su base en Cataluña,El Mundo,NO,0.9315439462661744,2024-04-24 06:44:26.225174
9272,Las armas que contienen los paquetes de ayuda de Londres y Washington a Ucrania,El Mundo,NO,0.9999328851699828,2024-04-24 06:44:26.225174
9273,El colapso de la vivienda aboca a liberar suelo y bajar impuestos como el IVA para la compra de casa,El Mundo,NO,0.9999663829803468,2024-04-24 06:44:26.225174
9274,"Las familias pagan en la concertada catalana 1.696 euros por alumno al año, un 46% más que en la segunda, Madrid",El Mundo,NO,0.9988818764686584,2024-04-24 06:44:26.225174
9275,La reforma laboral reduce la supervivencia de los contratos indefinidos: menos de la mitad siguen activos un año después,El Mundo,NO,0.9999700784683228,2024-04-24 06:44:26.225174
9276,Un sindicato ve un perjuicio fiscal a un grupo de trabajadores por la OPA de Naturgy,El Mundo,NO,0.9999713897705078,2024-04-24 06:44:26.225174
9277,El enigma de Irene Vallejo: ¿qué retrasa su nuevo libro cinco años después del exitazo de 'El infinito en un junco'?,El Mundo,SI,0.9999680519104004,2024-04-24 06:44:26.225174
9278,Muere la reportera de Equipo de Investigación Itxaso Mardones,El Mundo,NO,0.99996817111969,2024-04-24 06:44:26.225174
9279,"Jon Sistiaga, el periodista que 'cuece' las historias vuelve a casa: 'No hay tope para la polarización. Los políticos no van a parar'",El Mundo,NO,0.9997729659080504,2024-04-24 06:44:26.225174
9280,Nuevo conflicto Argelia-Marruecos: suspenden un partido por una camiseta con el Sáhara y querían jugar desnudo,La Razón,NO,0.9996471405029296,2024-04-24 06:44:26.225174
9281,Cuatro intoxicados en el incendio de un garaje en San Sebastián de los Reyes,La Razón,NO,0.9999717473983764,2024-04-24 06:44:26.225174
9282,El artículo de Jorge Vilches: Humo Político,La Razón,NO,0.9869723916053772,2024-04-24 06:44:26.225174
9283,"Última hora del juicio a Daniel Sancho en Tailandia, en directo: reacciones del crimen de Edwin Arrieta",La Razón,NO,0.9998972415924072,2024-04-24 06:44:26.225174
9284,Hasta un 95% de alumnos paga cuotas en la escuela concertada,La Razón,NO,0.999930739402771,2024-04-24 06:44:26.225174
9285,"Fina pone en peligro su relación con Marta, este miércoles en 'Sueños de Libertad'",La Razón,SI,0.5879553556442261,2024-04-24 06:44:26.225174
9286,Novartis dibuja la medicina del futuro de la mano de la ciencia y las personas,La Razón,NO,0.9986112117767334,2024-04-24 06:44:26.225174
9287,Los obispos españoles se plantan ante el plan antiabusos de Moncloa,La Razón,NO,0.9991902709007264,2024-04-24 06:44:26.225174
9288,"El aspecto humano de Arrieta, clave en la declaración de Ospina",La Razón,NO,0.9999537467956544,2024-04-24 06:44:26.225174
9289,Nos acabamos de enamorar del vestido de crochet y margaritas que Marta Pombo ha estrenado en su viaje a Saint-,La Razón,SI,0.9999732971191406,2024-04-24 06:44:26.225174
9290,La policía irrumpe en un club de la Premier y deteniene a dos jugadores por violación,La Razón,NO,0.9999513626098632,2024-04-24 06:44:26.225174
9291,Dónde reservar en Madrid y acertar de lleno,La Razón,SI,0.99704247713089,2024-04-24 06:44:26.225174
9292,La Junta rechaza el pacto «unilateral» sobre el reparto de menores migrantes,La Razón,NO,0.9999693632125854,2024-04-24 06:44:26.225174
9293,El Gobierno fracasa ante la sangría de condenas por la retirada de primas a las renovables,La Razón,NO,0.9992469549179076,2024-04-24 06:44:26.225174
9294,Los productos castizos que triunfan en Salón Gourmets,La Razón,NO,0.991438627243042,2024-04-24 06:44:26.225174
9295,“Expolevante Níjar es el escaparate perfecto para mostrar nuestra calidad”,La Razón,SI,0.9838606119155884,2024-04-24 06:44:26.225174
9296,¿Dónde está y qué hace la Oficina de Calidad del Cielo?,La Razón,SI,0.9974724650382996,2024-04-24 06:44:26.225174
9297,"Baja el tiempo para operarse, pero los pacientes aumentan",La Razón,NO,0.9999679327011108,2024-04-24 06:44:26.225174
9298,Alto voltaje político: reabierto el «caso Pegasus»,La Razón,NO,0.9999653100967408,2024-04-24 06:44:26.225174
9299,"¿Qué santo se celebra hoy, 24 de abril? Todo lo que debes saber del santoral de hoy",La Razón,SI,0.9998290538787842,2024-04-24 06:44:26.225174
9300,La Feria de Abril se abre también a la ampliación del número de casetas,La Razón,NO,0.99992835521698,2024-04-24 06:44:26.225174
9301,Huelva redobla su ofensiva tras el rechazo del Gobierno al AVE,La Razón,NO,0.9999558925628662,2024-04-24 06:44:26.225174
9302,Madrid se planta contra las cuotas 'impuestas' de menores inmigrantes,La Razón,NO,0.999958038330078,2024-04-24 06:44:26.225174
9303,En busca de una imagen de Daniel Sancho (cueste lo que cueste),La Razón,SI,0.9998973608016968,2024-04-24 06:44:26.225174
9304,Imágenes satelitales muestran que el misil israelí alcanzó un sistema de radar iraní en Isfahán,La Razón,NO,0.9999680519104004,2024-04-24 06:44:26.225174
9305,Un conflicto vecinal acaba con una paliza a un anciano de 93 años: «Pudo haberlo matado»,ABC.es,NO,0.9995222091674804,2024-04-24 06:44:26.225174
9306,Llega a Alemania la 'policía de la sharía' estudiantil: varios niños se convierten al islam por presión de ...,ABC.es,NO,0.992766499519348,2024-04-24 06:44:26.225174
9308,Los whiskys del Falcon: marcas premium y aumento del 150% en presupuesto de cátering,ABC.es,NO,0.999866247177124,2024-04-24 06:44:26.225174
9309,El Gobierno y Navarra cambian la ley para quitar Tráfico a la Guardia Civil en Navarra,ABC.es,NO,0.9999665021896362,2024-04-24 06:44:26.225174
9312,La Audiencia Nacional reabre la causa sobre Pegasus tras recabar nuevos datos de Francia,ABC.es,NO,0.9999665021896362,2024-04-24 06:44:26.225174
9313,El Constitucional avala la candidatura de Puigdemont para las elecciones catalanas,ABC.es,NO,0.9997453093528748,2024-04-24 06:44:26.225174
9314,La Junta de Fiscales de Sala afronta dividida el debate sobre la querella del novio de Ayuso,ABC.es,NO,0.9999597072601318,2024-04-24 06:44:26.225174
9316,La Aemet avisa de la llegada del frío polar a España: -2 grados en estas capitales de provincia,ABC.es,NO,0.9999598264694214,2024-04-24 06:44:26.225174
9317,Pedro Ruiz anuncia la postura que tomará tras los resultados de las elecciones vascas: «Solo deseo que...»,ABC.es,NO,0.9972389936447144,2024-04-24 06:44:26.225174
9318,Un niño de 10 años confiesa el asesinato que cometió en Texas con siete y por el que no podrá ser juzgado,ABC.es,NO,0.9999583959579468,2024-04-24 06:44:26.225174
9319,Conmoción en Reino Unido: detenido un hombre de 56 años por el secuestro de una niña de 9 en Harrods,ABC.es,NO,0.99997079372406,2024-04-24 06:44:26.225174
9320,La sencilla recomendación (de solo 5 minutos) de un experto para mejorar el rendimiento en las aulas,ABC.es,SI,0.9999552965164183,2024-04-24 06:44:26.225174
9321,"Los pacientes de ELA ven «insuficiente» la ley del PSOE, que logra el respaldo del Congreso pero con crític...",ABC.es,NO,0.9997634291648864,2024-04-24 06:44:26.225174
9322,"Quién es Lorena Castell: un matrimonio con un famoso cantante, su novio actor y su hijo",ABC.es,SI,0.9999587535858154,2024-04-24 06:44:26.225174
9323,Camisetas de fútbol cofrade: así es la marca sevillana que une dos pasiones,ABC.es,SI,0.643128514289856,2024-04-24 06:44:26.225174
9325,La «inhumana crueldad» de Aníbal en la destrucción de Sagunto no es como te la contaron,ABC.es,SI,0.9999499320983888,2024-04-24 06:44:26.225174
9326,El Banco de España critica los límites al alquiler y pide que se incentive a los grandes tenedores,ABC.es,NO,0.9999717473983764,2024-04-24 06:44:26.225174
9327,Cada vez llega a España más polvo del Sáhara y ahora los científicos saben en parte por qué,ABC.es,SI,0.999932050704956,2024-04-24 06:44:26.225174
7277,Brutal enfrentamiento entre el jurado de MasterChef y una concursante: 'No me gusta rodearme de cerdos',El Mundo,NO,0.9858883023262024,2024-04-23 07:52:40.462279
7278,Los Premio Talía celebran las artes escénicas españolas con alguna alusión a la violencia sexual tras el caso Ramón Paso,El Mundo,NO,0.9998505115509032,2024-04-23 07:52:40.462279
7279,Sánchez pide a su cúpula extender la 'receta Andueza': huir de los debates del PP y priorizar 'la agenda ciudadana',El Mundo,NO,0.5631411671638489,2024-04-23 07:52:40.462279
7280,Tensión turística: las plazas en pisos se disparan un 25% mientras las protestas toman las calles y piden 'resetear' el modelo,El Mundo,NO,0.9999654293060304,2024-04-23 07:52:40.462279
7281,MIR 2024: Última llamada para cubrir las 459 plazas vacantes en Medicina de Familia,El Mundo,NO,0.9999727010726928,2024-04-23 07:52:40.462279
7282,"Los seis meses de dolor de Bellingham, el que más faltas sufre en la Liga: horas de gimnasio, un vendaje extremo...",El Mundo,NO,0.9997722506523132,2024-04-23 07:52:40.462279
7283,Qué es el 'dry dating': 'En la primera cita prefiero no beber porque el alcohol me afecta y luego los chicos me parecen más majos de lo que realmente son',El Mundo,SI,0.9999516010284424,2024-04-23 07:52:40.462279
7284,La obra nueva tira de la compra de viviendas mientras la segunda mano se esfuma del escaparate,El Mundo,NO,0.9977126121520996,2024-04-23 07:52:40.462279
7285,Biden condena 'las protestas antisemitas' de algunas universidades estadounidenses,El Mundo,NO,0.9999614953994752,2024-04-23 07:52:40.462279
7286,Manuela Bergerot: 'Más Madrid tiene autonomía absoluta y Sumar sabe que esa es la única receta',El Mundo,NO,0.9338808655738832,2024-04-23 07:52:40.462279
7287,Koldo García y el quinto mandamiento,El Mundo,SI,0.949222207069397,2024-04-23 07:52:40.462279
7288,Portada de EL MUNDO del martes 23 de abril de 2024,El Mundo,NO,0.9994431138038636,2024-04-23 07:52:40.462279
7289,El PP cambia el guion y pasa al ataque en Cataluña: 'Les tenemos ganas',El Mundo,NO,0.8386790752410889,2024-04-23 07:52:40.462279
7290,Y por la noche rugieron 'independentzia',El Mundo,SI,0.9994264841079712,2024-04-23 07:52:40.462279
7291,Javier Lambán: 'En el PSOE hay vergüenza a declararse español: te incluyen en la fachosfera',El Mundo,NO,0.8642785549163818,2024-04-23 07:52:40.462279
7292,Así se expande la mancha de Bildu: de 5 a 157 municipios en 20 años,El Mundo,NO,0.9999624490737916,2024-04-23 07:52:40.462279
7293,"Radwan, así son las fuerzas especiales de Hizbulá que entrenan para invadir Israel",El Mundo,NO,0.9999158382415771,2024-04-23 07:52:40.462279
7294,Una ayuda militar de EEUU para impedir una gran ofensiva rusa,El Mundo,NO,0.9999663829803468,2024-04-23 07:52:40.462279
7295,"Los 'brokers' de la luz, el gas y el trigo hacen caja: ganan más de 100.000 millones en el segundo mejor año de su historia",El Mundo,NO,0.9999157190322876,2024-04-23 07:52:40.462279
7296,"Nadia Comaneci: 'Dicen que nadie es perfecto, pero durante un instante yo lo fui'",El Mundo,SI,0.9841123223304749,2024-04-23 07:52:40.462279
7297,"David Trueba: 'Ser de barrio me ha hecho muy resistente a los dogmas, sobre todo a los de cierta izquierda pija'",El Mundo,NO,0.9891310930252076,2024-04-23 07:52:40.462279
7298,"El comisario Gentiloni respalda la reforma de pensiones del Gobierno, porque 'el mecanismo de ajuste funcionará'",El Mundo,NO,0.9999516010284424,2024-04-23 07:52:40.462279
7299,"Laura, la discreta mujer del nuevo lehendakari Imanol Pradales a la que besó apasionadamente tras la victoria",El Mundo,SI,0.9999555349349976,2024-04-23 07:52:40.462279
7300,Enrique Bunbury: 'Me harté del escenario. Cancelar la gira fue una liberación',El Mundo,NO,0.7753925919532776,2024-04-23 07:52:40.462279
7301,"Fiebre por Bellingham y Ayuso a las puertas de Cibeles, en el regreso de Almeida: 'Como se entere mi padre que me han firmado...'",El Mundo,NO,0.9999099969863892,2024-04-23 07:52:40.462279
7302,"Juicio a Daniel Sancho, en directo: última hora de todas las noticias sobre el crimen de Edwin Arrieta",La Razón,NO,0.9684129357337952,2024-04-23 07:52:40.462279
7303,Los forenses declaran que los golpes en la cara y en la nuca de Arrieta fueron previos a su muerte,La Razón,NO,0.9998881816864014,2024-04-23 07:52:40.462279
7304,El teatro de Laporta: el motivo por el que el Real Madrid-Barça no puede repetirse,La Razón,NO,0.869023323059082,2024-04-23 07:52:40.462279
7305,"La captura y el almacenamiento de CO2, en el punto de mira",La Razón,NO,0.9999542236328124,2024-04-23 07:52:40.462279
7306,"Jesús y Elena se encuentran nuevamente frente a frente, esta tarde, en 'Sueños de Libertad'",La Razón,NO,0.9978426694869996,2024-04-23 07:52:40.462279
7307,A vueltas con la Inteligencia Artificial,La Razón,SI,0.9993382096290588,2024-04-23 07:52:40.462279
7308,Peter Heather: «Veremos antes sacerdotes casados que mujeres en el sacerdocio»,La Razón,NO,0.9972551465034484,2024-04-23 07:52:40.462279
7309,Juan Avellaneda: 'La Reina Letizia ve mis vídeos de TikTok',La Razón,SI,0.9941897392272948,2024-04-23 07:52:40.462279
7310,Una ola de frío polar deja temperaturas bajo cero este martes en Castilla-La Mancha,La Razón,NO,0.9999592304229736,2024-04-23 07:52:40.462279
7311,Un brunch que sabe a primavera y a lo mejor de Francia,La Razón,SI,0.9997896552085876,2024-04-23 07:52:40.462279
7312,El desplome de la izquierda cuestiona a Yolanda Díaz,La Razón,NO,0.9999635219573976,2024-04-23 07:52:40.462279
7313,El «agravio» de Pedro Sánchez también con la Universidad,La Razón,NO,0.8226115703582764,2024-04-23 07:52:40.462279
7314,Ospina desmiente la información sobre el supuesto tórax: 'Ni está dentro del sumario ni jamás ha aparecid,La Razón,NO,0.99908185005188,2024-04-23 07:52:40.462279
7315,Doug Dorst: «Sant Jordi es la fiesta de la lectura que necesita Estados Unidos»,La Razón,NO,0.9708929061889648,2024-04-23 07:52:40.462279
7316,Las Comisiones sobre las comisiones por las mascarillas,La Razón,SI,0.5792544484138489,2024-04-23 07:52:40.462279
7317,Vuelven los toros a Segovia con las figuras,La Razón,NO,0.999970555305481,2024-04-23 07:52:40.462279
7318,"¿Qué santo se celebra hoy, 23 de abril? Todo lo que debes saber del santoral de hoy",La Razón,SI,0.999818742275238,2024-04-23 07:52:40.462279
7319,La romería que alabó Miguel de Cervantes,La Razón,SI,0.9946929812431335,2024-04-23 07:52:40.462279
7320,Antonio Velázquez: 'No tengo miedo a nada. El miedo es un ancla que no te deja avanzar',La Razón,NO,0.9997604489326476,2024-04-23 07:52:40.462279
7321,El Versalles musulmán recupera uno de sus salones más célebres,La Razón,NO,0.9991889595985411,2024-04-23 07:52:40.462279
7322,"Kant, crítico, racionalista, republicano… ¿y nazi?",La Razón,NO,0.9991764426231384,2024-04-23 07:52:40.462279
7323,Estallido sanitario contra la norma que permitiría un MIR vasco,La Razón,NO,0.9999209642410278,2024-04-23 07:52:40.462279
7324,Italia: Muere un bebé de 15 meses tras ser atacado por dos pitbulls y su madre resulta herida al intentar s...,ABC.es,NO,0.9999359846115112,2024-04-23 07:52:40.462279
9328,Un avión de carga se estrella en un río en Alaska: no se han localizado sobrevivientes,ABC.es,NO,0.9999691247940063,2024-04-24 06:44:26.225174
7326,"No es un asteroide, ¡es un trozo de Luna!",ABC.es,SI,0.9606823325157166,2024-04-23 07:52:40.462279
7327,Imputan a dos guardias civiles por la muerte de un narco en un choque en el Guadalquivir,ABC.es,NO,0.999969720840454,2024-04-23 07:52:40.462279
7328,La Aemet alerta de una caída importante en las temperaturas y lluvias en España: esta serán las zonas más a...,ABC.es,NO,0.9999136924743652,2024-04-23 07:52:40.462279
9329,Un estudio revela cuál es la mejor fiesta de España: no son las Fallas ni la Feria de Abril,ABC.es,SI,0.9991542100906372,2024-04-24 06:44:26.225174
7330,"El socialista Salvador Illa reconoce una reunión con Koldo García y su jefe de gabinete, otras tres",ABC.es,NO,0.9999651908874512,2024-04-23 07:52:40.462279
7331,Muere un militar del Ejército de Tierra en unas maniobras de la OTAN en Polonia,ABC.es,NO,0.9999719858169556,2024-04-23 07:52:40.462279
7332,El Supremo ratifica la condena de 14 años de cárcel para El Chicle por violar a su cuñada cuando era menor,ABC.es,NO,0.9997722506523132,2024-04-23 07:52:40.462279
7333,La indiscreta indirecta de Taylor Swift a Fernando Alonso en su nuevo álbum a la que el piloto ha respondid...,ABC.es,SI,0.9999738931655884,2024-04-23 07:52:40.462279
7334,Bildu aspira a ganar otro escaño en el voto CERA y superar al PNV,ABC.es,NO,0.9999673366546632,2024-04-23 07:52:40.462279
7335,Este billete de 1.000 pesetas vale 2.500 euros: podrías tenerlo en casa,ABC.es,SI,0.9998844861984252,2024-04-23 07:52:40.462279
7336,Muere la actriz Eva Evans a los 29 años,ABC.es,NO,0.9999706745147704,2024-04-23 07:52:40.462279
7337,Freixenet presenta un ERTE por la sequía que afectará hasta 615 trabajadores,ABC.es,NO,0.9999659061431884,2024-04-23 07:52:40.462279
7338,Bildu ya domina las urnas en dos de cada tres municipios vascos,ABC.es,NO,0.9999667406082152,2024-04-23 07:52:40.462279
7340,Los inmigrantes copan el 63% de todo el empleo que se ha creado tras la pandemia,ABC.es,NO,0.9993440508842468,2024-04-23 07:52:40.462279
7341,"Los psiquiatras, a la ministra Mónica García: «Los medicamentos para la salud mental no matan»",ABC.es,NO,0.9999397993087769,2024-04-23 07:52:40.462279
7342,Pablo Álvarez se convierte en el primer astronauta español en 30 años,ABC.es,NO,0.999964952468872,2024-04-23 07:52:40.462279
7343,El régimen cubano detiene a la corresponsal de ABC para que no informe de temas «sensibles» como los presos...,ABC.es,NO,0.9999125003814696,2024-04-23 07:52:40.462279
9331,"Ayuso invita al ministro de Política Territorial al Dos de Mayo, pero deja fuera otra vez a Bolaños",ABC.es,NO,0.9999685287475586,2024-04-24 06:44:26.225174
7345,La nueva vida de Amber Heard dos años después del juicio con Johnny Depp,ABC.es,SI,0.9999688863754272,2024-04-23 07:52:40.462279
7346,"Testigos de Jehová, una vida dirigida: cuáles son sus creencias y qué conductas tienen prohibidas",ABC.es,SI,0.9998962879180908,2024-04-23 07:52:40.462279
7348,Destapan a la culpable de la ruptura de David Bisbal y Chenoa: «No es Elena Tablada»,ABC.es,NO,0.9556538462638856,2024-04-23 07:52:40.462279
7349,José Manuel Soto muestra su indignación por los resultados de las elecciones vascas: «Se salen con la suya»,ABC.es,NO,0.9996638298034668,2024-04-23 07:52:40.462279
7350,El Gobierno endurece la ley contra los agresores sexuales a menores,ABC.es,NO,0.9999657869338988,2024-04-23 07:52:40.462279
9333,"'La Atalaya' y '¡Despertad!', las revistas de los Testigos de Jehová que dictan su doctrina",ABC.es,SI,0.9998892545700072,2024-04-24 06:44:26.225174
7352,"Una mandíbula, una tumba y la colección de rocas de un niño: el misterio de la muerte de un capitán en 1951...",ABC.es,NO,0.9998455047607422,2024-04-23 07:52:40.462279
7353,"Retraso en la entrega del submarino S-82 a la Armada, que no lo tendrá en 2024",ABC.es,NO,0.9999685287475586,2024-04-23 07:52:40.462279
7354,Solo 54.000 sevillanos se han descargado el código para votar en el referéndum de la Feria de Abril de Sevi...,ABC.es,NO,0.6482680439949036,2024-04-23 07:52:40.462279
7355,Una herida en el corazón del Espíritu de Ermua,ABC.es,NO,0.9997351765632628,2024-04-23 07:52:40.462279
9334,Abierto el plazo para cambiar de coche con unas ayudas de hasta 8.500 euros en Madrid,ABC.es,NO,0.9999724626541138,2024-04-24 06:44:26.225174
9335,Una experta financiera señala el error que cometen las personas de 50 años con sus ahorros,ABC.es,NO,0.9998303651809692,2024-04-24 06:44:26.225174
7357,El traslado de la tuneladora culmina el fracaso millonario de la SE-40,ABC.es,NO,0.9999604225158693,2024-04-23 07:52:40.462279
7358,La pesadilla de Vargas Llosa con un Testigo de Jehová,ABC.es,SI,0.9999557733535768,2024-04-23 07:52:40.462279
7359,La libertad es un bar a las afueras de Gerona,ABC.es,NO,0.9996947050094604,2024-04-23 07:52:40.462279
7360,"Sigue en directo la comparecencia de Koldo García, exasesor de Ábalos, en la comisión de las mascarillas en...",ABC.es,NO,0.9998795986175536,2024-04-23 07:52:40.462279
7361,Una mexicana da su opinión sobre el acento español y justifica su postura: «Tengo un trauma»,ABC.es,SI,0.9946513772010804,2024-04-23 07:52:40.462279
9336,La Voyager 1 logra comunicarse con la Tierra tras cinco meses enviando mensajes absurdos,ABC.es,NO,0.9458476901054382,2024-04-24 06:44:26.225174
7363,"Hong Kong pasa de 'un país, dos sistemas' a 'vigilar y denunciar' bajo la nueva ley de seguridad nacional",ABC.es,NO,0.9999685287475586,2024-04-23 07:52:40.462279
7364,¿Leonardo habría usado así la IA? La Mona Lisa rapera que ha desatado la polémica,ABC.es,SI,0.999935507774353,2024-04-23 07:52:40.462279
7365,Un hombre se libra de una multa por conducir ebrio por padecer el 'síndrome de la autocervecería',ABC.es,NO,0.945796012878418,2024-04-23 07:52:40.462279
7366,Editorial ABC: ¿Hasta dónde cederá Sánchez?,ABC.es,NO,0.9960552453994752,2024-04-23 07:52:40.462279
7367,El Estado concluye el proyecto del nuevo barrio del Regimiento de Artillería en Sevilla para casi mil vivie...,ABC.es,NO,0.9994807839393616,2024-04-23 07:52:40.462279
7368,"El euríbor se estanca en el 3,7%: ¿por qué no baja si el BCE va a recortar los tipos de interés?",ABC.es,NO,0.9997376799583436,2024-04-23 07:52:40.462279
7369,La mejor hamburguesa gourmet de España se hace en este restaurante de Orense,ABC.es,SI,0.9993808269500732,2024-04-23 07:52:40.462279
7370,El Museo de América descoloniza 200 cartelas y Urtasun lo aplaude,ABC.es,NO,0.9999539852142334,2024-04-23 07:52:40.462279
7371,Hallan en la India los restos de una serpiente antigua que medía 15 metros y que podría ser la más grande d...,ABC.es,NO,0.9998741149902344,2024-04-23 07:52:40.462279
7372,Daniel Luque recibe el Premio Puerta del Príncipe al triunfador de la Feria de Abril en la Maestranza,ABC.es,NO,0.999970316886902,2024-04-23 07:52:40.462279
7373,Pradales sobrevive a Bildu por la mínima y Sánchez gana oxígeno,ABC.es,NO,0.9999723434448242,2024-04-23 07:52:40.462279
7374,"“Qué, ¿otra para tu harén?”: siete actrices solicitan sumarse a la denuncia contra el dramaturgo Ramón Paso por agresiones sexuales",EL PAÍS,SI,0.7722492218017578,2024-04-23 07:52:40.462279
9337,Justicia detectó en 2023 mil agresores sexuales que solicitaron un trabajo en contacto con menores,ABC.es,NO,0.9963592886924744,2024-04-24 06:44:26.225174
7376,Los libros recomendados por los lectores de 'Correo sí deseado': 200 títulos llenos de buen humor,EL PAÍS,SI,0.9998838901519777,2024-04-23 07:52:40.462279
7378,‘Fallout’ y los experimentos fallidos con videojuegos,EL PAÍS,SI,0.9993300437927246,2024-04-23 07:52:40.462279
7379,Noboa pone a prueba su popularidad con un referéndum tras la crisis con México,EL PAÍS,NO,0.9999632835388184,2024-04-23 07:52:40.462279
9339,¿Cuánto cuesta un jet privado? Todos los tipos que existen y su precio por vuelo,ABC.es,SI,0.9999212026596068,2024-04-24 06:44:26.225174
7381,Así es el poder transformador de un estilista: Anne Hathaway y otras actrices antes de convertirse en iconos de moda,EL PAÍS,SI,0.9999724626541138,2024-04-23 07:52:40.462279
7382,"David Walliams, cómo vender 56 millones de libros para niños tratando temas duros",EL PAÍS,SI,0.9999349117279052,2024-04-23 07:52:40.462279
7383,El Gobierno y Canarias pactan el reparto obligatorio de menores migrantes a otras comunidades,EL PAÍS,NO,0.9999557733535768,2024-04-23 07:52:40.462279
7384,Noboa da un nuevo golpe en seguridad tras el referéndum con la detención del líder criminal Colón Pico,EL PAÍS América,NO,0.9999717473983764,2024-04-23 07:52:40.462279
7385,Dominic West habla por primera vez de cuando el mundo le tildó de infiel con Lily James: “Fue profundamente estresante”,EL PAÍS,SI,0.9999656677246094,2024-04-23 07:52:40.462279
7386,Bruselas amenaza con suspender la nueva ‘app’ TikTok Lite por ser “tóxica y adictiva”,EL PAÍS,NO,0.9998739957809448,2024-04-23 07:52:40.462279
7387,Illa se desentiende del ‘caso Koldo’ y alega que él no le adjudicó “ni un euro”,EL PAÍS,NO,0.9999104738235474,2024-04-23 07:52:40.462279
7388,La oposición venezolana elige como candidato de consenso a Edmundo González Urrutia,EL PAÍS América,NO,0.9999698400497437,2024-04-23 07:52:40.462279
7389,El secreto para una crianza feliz es volver a lo esencial,EL PAÍS,SI,0.9999210834503174,2024-04-23 07:52:40.462279
7390,La polémica decisión de Chris Pratt y Katherine Schwarzenegger: derriban una histórica casa de 1950 para construirse una mansión,EL PAÍS,SI,0.9978718757629396,2024-04-23 07:52:40.462279
7391,Los menores acusados de violar en grupo a dos niñas en Valencia aceptan hasta cuatro años de internamiento y cinco de libertad vigilada,EL PAÍS,NO,0.9999727010726928,2024-04-23 07:52:40.462279
7392,"24 horas en Alicante, las mejores pistas para descubrir la ciudad mediterránea",EL PAÍS,NO,0.997687578201294,2024-04-23 07:52:40.462279
9340,Una mujer estrella su coche contra la sede de la Seguridad Social en Santander,ABC.es,NO,0.9999425411224364,2024-04-24 06:44:26.225174
7394,Cinco años de terremoto político,EL PAÍS,NO,0.999968647956848,2024-04-23 07:52:40.462279
7395,La mortalidad vinculada al calor ha aumentado un 30% en las últimas dos décadas en Europa,EL PAÍS,NO,0.9998486042022704,2024-04-23 07:52:40.462279
7396,Noboa desafía a López Obrador al incluir al narco El Mayo Zambada en una lista de objetivos militares,EL PAÍS América,NO,0.9999574422836304,2024-04-23 07:52:40.462279
7397,"Sánchez habla con Abdalá II, Al Sisi y Abás para ultimar el reconocimiento de Palestina",EL PAÍS,NO,0.9999614953994752,2024-04-23 07:52:40.462279
7399,El Supremo confirma la pena de 14 años de prisión para El Chicle por violar a su cuñada menor de edad,EL PAÍS,NO,0.9999381303787231,2024-04-23 07:52:40.462279
9342,"Sevilla: En vídeo: exhuman los restos del padre Torres Padilla, cofundador de las Hermanas de la Cruz, por ...",ABC.es,NO,0.9998769760131836,2024-04-24 06:44:26.225174
7401,Mario Marzo y Tote Fernández: dos tíos blancos heteros salen del armario del machismo en RTVE Play,EL PAÍS,SI,0.9999040365219116,2024-04-23 07:52:40.462279
7402,"Israel no ha aportado pruebas sobre los vínculos de la agencia para los refugiados palestinos con Hamás, según un informe",EL PAÍS,NO,0.9999551773071288,2024-04-23 07:52:40.462279
7403,Así son las ‘branded residences’ de Higuerón en la Costa del Sol a 2.400 euros al día de alquiler,Cinco Días,NO,0.9937910437583924,2024-04-23 07:52:40.462279
7404,‘La gata bajo la lluvia’ de Rocío Durcal: la insólita historia del regreso de una canción de amor y sexo,EL PAÍS,SI,0.9999576807022096,2024-04-23 07:52:40.462279
7405,Así pueden robarnos WhatsApp: para qué lo quieren y cómo protegerse,EL PAÍS,SI,0.999966025352478,2024-04-23 07:52:40.462279
7407,DKV sella un cuarto año de crecimiento superior a la media del mercado,Cinco Días,NO,0.9999713897705078,2024-04-23 07:52:40.462279
7408,Transportes inicia el proceso para exigir la devolución de fondos europeos a ciudades que actuaron contra carriles bici,EL PAÍS,NO,0.9999725818634032,2024-04-23 07:52:40.462279
7409,Génova ignora la presión del sector duro del PP y minimiza el impacto de vascas y catalanas,EL PAÍS,NO,0.9999693632125854,2024-04-23 07:52:40.462279
7410,"Luis Buezo, responsable de inteligencia artificial en HPE: “Creemos en una IA potente, confiable y, sobre todo, abierta y accesible”",EL PAÍS,NO,0.9999531507492064,2024-04-23 07:52:40.462279
7411,El gasto militar mundial marca un nuevo máximo con el salto más pronunciado en 15 años,EL PAÍS,NO,0.9999691247940063,2024-04-23 07:52:40.462279
7412,El Parlamento británico cede ante Sunak y da luz verde a la deportación de inmigrantes a Ruanda,EL PAÍS,NO,0.9999706745147704,2024-04-23 07:52:40.462279
7413,Vídeo | Cuestionario acelerado a Aitana y Fernando Guallar: “Hay pisos que deberían ser declarados indecentes”,EL PAÍS,SI,0.998110055923462,2024-04-23 07:52:40.462279
9343,Una española que vive en Corea del Sur asegura que tienen costumbres como las nuestras: «Siento que las noc...,ABC.es,SI,0.9886808395385742,2024-04-24 06:44:26.225174
7415,"El drama de la vivienda en Valencia: “He tirado la toalla, vivo en casa de mi madre”",EL PAÍS,NO,0.9750757813453674,2024-04-23 07:52:40.462279
7416,El mundo del teatro denuncia los abusos sexuales en la entrega de los premios Talía,EL PAÍS,NO,0.9997504353523254,2024-04-23 07:52:40.462279
9344,"Marta Riesco, sobre su ruptura con Antonio David y su despido de Telecinco: «Me arrepiento de todo. Me qued...",ABC.es,NO,0.9828168153762816,2024-04-24 06:44:26.225174
7418,Suri Cruise cumple 18 años: llega a la mayoría de edad y será libre para hablar de sus padres,EL PAÍS,SI,0.9989111423492432,2024-04-23 07:52:40.462279
7419,"‘Los maestros cantores de Núremberg’, una comedia incómoda de Wagner",EL PAÍS,SI,0.9980804920196532,2024-04-23 07:52:40.462279
9345,Boticaria García lanza una aviso a los que comen frutos secos: muchos lo desconocen,ABC.es,NO,0.99456125497818,2024-04-24 06:44:26.225174
7421,Un grupo de turistas saca a unos oseznos de los árboles para hacerse fotos con ellos,La Vanguardia,SI,0.9942401647567748,2024-04-23 07:52:40.462279
7422,"“Esta obra asombra al mundo, es más grande que todos nosotros”",La Vanguardia,NO,0.687582790851593,2024-04-23 07:52:40.462279
7423,Diferencia de edad: ¿Cómo se sostiene el amor cuando nos separan muchos años?,La Vanguardia,SI,0.999958038330078,2024-04-23 07:52:40.462279
9346,Diez muertos por la colisión de dos helicópteros militares durante la preparación de un desfile en Malasia,ABC.es,NO,0.9999687671661376,2024-04-24 06:44:26.225174
7425,Nadie hablará de la amnistía la próxima vez,La Vanguardia,SI,0.999887228012085,2024-04-23 07:52:40.462279
7426,"La pastelería Larrosa, de Flix, prepara la mejor tarta de queso de Catalunya",La Vanguardia,NO,0.99991774559021,2024-04-23 07:52:40.462279
7427,¿Cuándo comienza la vejez? Los adultos de hoy la sitúan más tarde que generaciones anteriores,La Vanguardia,SI,0.559980034828186,2024-04-23 07:52:40.462279
7428,La Aemet prevé una semana de tiempo invernal en España: lluvias y bajón de las temperaturas,La Vanguardia,NO,0.9999574422836304,2024-04-23 07:52:40.462279
7429,Nadie hablará de ETA la próxima vez,La Vanguardia,SI,0.9999274015426636,2024-04-23 07:52:40.462279
9347,Descubren en los papiros de Herculano el lugar exacto de la tumba de Platón,ABC.es,NO,0.9999206066131592,2024-04-24 06:44:26.225174
7431,"Paraguas, chubasqueros y más: todo lo que necesitas para los días de lluvia que se avecinan",La Vanguardia,SI,0.9999010562896729,2024-04-23 07:52:40.462279
7432,La industria española de las ‘influencers’ generadas por IA ya es una realidad,La Vanguardia,NO,0.9912165403366088,2024-04-23 07:52:40.462279
9348,Ya han votado casi 52.000 sevillanos en la consulta sobre el formato de la Feria de Abril,ABC.es,NO,0.9989320635795592,2024-04-24 06:44:26.225174
7434,El Gobierno pacta con Canarias el reparto obligatorio de menores migrantes a otras comunidades,La Vanguardia,NO,0.9999655485153198,2024-04-23 07:52:40.462279
7435,"La tiktoker Eva Evans, creadora de la popular serie web 'Club Rat', muere a los 29 años",La Vanguardia,NO,0.9998310804367064,2024-04-23 07:52:40.462279
7436,La pesadilla del hermano de Kate Middleton con su vecino: amenazas 'brutales' a su familia por el ruido de su granja,La Vanguardia,SI,0.999964952468872,2024-04-23 07:52:40.462279
7438,Victoria Beckham diseña para Mango su “armario perfecto”,La Vanguardia,SI,0.9997345805168152,2024-04-23 07:52:40.462279
7439,Los riesgos detrás de la euforia en los mercados,La Vanguardia,NO,0.9999533891677856,2024-04-23 07:52:40.462279
7441,Mario Alonso Puig revela cómo sincronizar los hemisferios cerebrales para lograr mayor calma: 'Nuestra mente es como un océano revuelto',La Vanguardia,NO,0.996302843093872,2024-04-23 07:52:40.462279
7442,Los puertos de Sitges dragan arena al mar pese a la pérdida de playas,La Vanguardia,NO,0.9999713897705078,2024-04-23 07:52:40.462279
7443,Christina Hendricks se casa con George Bianchini en el refugio secreto de Napoleón Bonaparte,La Vanguardia,SI,0.9951607584953308,2024-04-23 07:52:40.462279
7444,Renta 2023-2024: ¿vale la pena que te haga la declaración un gestor o asesor?,La Vanguardia,NO,0.9896446466445924,2024-04-23 07:52:40.462279
7445,El coche eléctrico tendrá un coste equivalente al de combustión en siete años,La Vanguardia,NO,0.9999620914459229,2024-04-23 07:52:40.462279
9351,Muere de un infarto mientras auxiliaba a otro hombre que había sufrido un paro cardíaco,ABC.es,NO,0.9999539852142334,2024-04-24 06:44:26.225174
9353,"Una interpretación literal de la Biblia, el motivo por el que los Testigos de Jehová no permiten transfusio...",ABC.es,SI,0.9069316387176514,2024-04-24 06:44:26.225174
7449,Así ha sido la 'salvaje' cita que Irene Urdangarin ha tenido con Juan Urquijo,La Vanguardia,SI,0.9999594688415528,2024-04-23 07:52:40.462279
7450,"La insólita respuesta de un soltero de 'First Dates' tras ser rechazado por su cita: ''Si no le gusto, mañana salgo y me lío con otra''",La Vanguardia,SI,0.9999737739562988,2024-04-23 07:52:40.462279
7451,Ofensiva por los medios italianos,La Vanguardia,NO,0.9999724626541138,2024-04-23 07:52:40.462279
7452,¿Qué libros leía Miguel de Cervantes (y cuáles odiaba)?,La Vanguardia,SI,0.9999715089797974,2024-04-23 07:52:40.462279
9354,El gran fracaso del invento que prometía revolucionar las rotondas,EL MOTOR,SI,0.9998748302459716,2024-04-24 06:44:26.225174
7454,Este es el sofisticado dron con el que la NASA explorará Titán,La Vanguardia,SI,0.9998539686203004,2024-04-23 07:52:40.462279
7455,"Así se hizo la foto de la fiesta de 'La Vanguardia': catorce autores, ascensor arriba, ascensor abajo",La Vanguardia,SI,0.9997864365577698,2024-04-23 07:52:40.462279
7456,Tres kits fáciles de montar para convertir tu coche en un camper,La Vanguardia,SI,0.9999674558639526,2024-04-23 07:52:40.462279
7457,El fiscal intenta convencer al jurado de que Trump sobornó a Daniels para 'adulterar' las elecciones,La Vanguardia,NO,0.9985356330871582,2024-04-23 07:52:40.462279
7459,La Guardia Civil desmantela en Catalunya una facción de los Latin Kings,La Vanguardia,NO,0.9999353885650636,2024-04-23 07:52:40.462279
7460,Google Maps usará la inteligencia artificial para localizar los cargadores de coches eléctricos más recónditos,La Vanguardia,SI,0.99860280752182,2024-04-23 07:52:40.462279
7461,Sofía Cristo no quiere saber nada de su hermano Ángel ni de su participación en 'Supervivientes 2024: 'Me da igual',La Vanguardia,SI,0.9993546605110168,2024-04-23 07:52:40.462279
9355,"Sarah Blagden, oncóloga: “Deberíamos llegar a tener una vacuna que te pongas a los 40 años y te proteja del cáncer”",EL PAÍS,SI,0.9965664148330688,2024-04-24 06:44:26.225174
7463,Las increíbles fotos de Violeta Mangriñán y Fabbio Colloricchio disfrutando de un safari en Sudáfrica: ''Ojalá yo'',La Vanguardia,SI,0.9999760389328004,2024-04-23 07:52:40.462279
7465,Las inversiones de La Caixa: el poder económico y político de las finanzas,La Vanguardia,NO,0.9999628067016602,2024-04-23 07:52:40.462279
7466,Cuatro desaparecidos en el cuarto choque de barcos contra puentes en tres meses,La Voz de Galicia,NO,0.99997079372406,2024-04-23 07:52:40.462279
7467,El PSE reclama más protagonismo en el futuro Gobierno que liderará el PNV,La Voz de Galicia,NO,0.7718819975852966,2024-04-23 07:52:40.462279
7468,"Cristina Vázquez, premio Ada Byron: «A imaxe do informático friki pechado nun garaxe non é real, porque se queres construir un bo producto tes que falar ca xente»",La Voz de Galicia,NO,0.999944806098938,2024-04-23 07:52:40.462279
7469,"Los 20 libros que hay que leerles a todos los bebés: «Sí que se enteran, hasta los 3 años son esponjas absolutas»",La Voz de Galicia,SI,0.9999668598175048,2024-04-23 07:52:40.462279
7470,Cuando Tom Jones rugió en Nova Olimpia,La Voz de Galicia,SI,0.9934440851211548,2024-04-23 07:52:40.462279
7471,Jácome cargó al Concello de Ourense una comida con empresarios para preparar el contrato de la basura,La Voz de Galicia,SI,0.673095166683197,2024-04-23 07:52:40.462279
7472,El Celta disfruta del mayor margen con el descenso del curso,La Voz de Galicia,NO,0.999955415725708,2024-04-23 07:52:40.462279
7473,Nada cambia a pesar de los cambios,La Voz de Galicia,NO,0.999863624572754,2024-04-23 07:52:40.462279
7474,¿Cultivar café en Galicia? La «locura xenial» del IES de Foz que implica a un centro de educación especial compostelano y otro canario,La Voz de Galicia,NO,0.9949725866317748,2024-04-23 07:52:40.462279
7475,Galicia fomenta la madera como alternativa al hormigón para ayudar a la descarbonización,La Voz de Galicia,NO,0.9999699592590332,2024-04-23 07:52:40.462279
7476,Más de 40 movimientos en la primera reestructuración de la Xunta del nuevo Gobierno de Rueda,La Voz de Galicia,NO,0.9998817443847656,2024-04-23 07:52:40.462279
7477,"A juicio por tirar ropa de su ex en Cedeira y subirlo a las redes: «No veo tan caro el impuesto de la basura!! Ja, ja, hacen un gran trabajo'»",La Voz de Galicia,SI,0.9992715716362,2024-04-23 07:52:40.462279
7478,Biblioteca aberta para o Día do Libro,La Voz de Galicia,NO,0.9999436140060424,2024-04-23 07:52:40.462279
7479,El poema sanador de Lúa Mosquetera con el que Adolfo Domínguez conmemora el Día de la Madre,La Voz de Galicia,SI,0.9964930415153505,2024-04-23 07:52:40.462279
7480,La narcobroma que malgastó varios miles de euros en Cambados,La Voz de Galicia,NO,0.9999502897262572,2024-04-23 07:52:40.462279
7481,Cenas a ciegas en los lugares más insólitos de Galicia,La Voz de Galicia,SI,0.999929428100586,2024-04-23 07:52:40.462279
7482,Vende las participaciones a su socio de empresa en Ferrol y termina denunciado por falsedad documental ante la DGT,La Voz de Galicia,NO,0.999964475631714,2024-04-23 07:52:40.462279
7483,El juzgado anula un préstamo concedido a una sarriana que tenía que pagar un interés anual del cuatro mil por ciento,La Voz de Galicia,NO,0.999964475631714,2024-04-23 07:52:40.462279
7484,Rechazan que la «exposición alta» a productos químicos de un obrero del naval durante 36 años sea la causa de su sardoicosis pulmonar,La Voz de Galicia,NO,0.9998798370361328,2024-04-23 07:52:40.462279
7485,La sociedad vasca debe reflexionar,La Voz de Galicia,NO,0.9999387264251708,2024-04-23 07:52:40.462279
7486,"Marta Martínez Novoa, psicóloga: «Tienes que permitirte equivocarte y quedar mal alguna vez»",La Voz de Galicia,NO,0.9996565580368042,2024-04-23 07:52:40.462279
7487,El excapitán Castro Carneiro: «La revolución de los claveles fue tan simple que pensé que no era verdad»,La Voz de Galicia,NO,0.9998179078102112,2024-04-23 07:52:40.462279
7488,"Granjas, fábrica, talleres y aserraderos podrán optar al nuevo premio paisajístico de la Juana de Vega",La Voz de Galicia,NO,0.9999719858169556,2024-04-23 07:52:40.462279
7489,La acera de Larañiño se levanta por tercera vez desde que fue construida en el 2019,La Voz de Galicia,NO,0.9999624490737916,2024-04-23 07:52:40.462279
7490,La salvaje aventura del gallego que ha recorrido África a pie en 800 días,La Voz de Galicia,NO,0.6894611716270447,2024-04-23 07:52:40.462279
7491,La caída del primer militar por el ataque de Hamás estrecha el cerco sobre Netanyahu,La Voz de Galicia,NO,0.9999650716781616,2024-04-23 07:52:40.462279
7492,"«El consentimiento», el «yo acuso» a un pedófilo ilustre",La Voz de Galicia,SI,0.9984034895896912,2024-04-23 07:52:40.462279
7493,"PNV, Bildu y PSOE: todos contentos",La Voz de Galicia,NO,0.9129762053489684,2024-04-23 07:52:40.462279
7494,Una masa de aire ártica provocará un descenso de las temperaturas en Galicia,La Voz de Galicia,NO,0.9999147653579712,2024-04-23 07:52:40.462279
7495,Unhas eleccións vascas moi vascas,La Voz de Galicia,SI,0.9999562501907348,2024-04-23 07:52:40.462279
7496,"Ferrán Adrià: «En cinco años, Galicia despuntará en el mundo de la alta cocina»",La Voz de Galicia,NO,0.999954104423523,2024-04-23 07:52:40.462279
7497,Adquieren la mansión del millón de euros en Ribadeo para un negocio hotelero,La Voz de Galicia,NO,0.999966025352478,2024-04-23 07:52:40.462279
7498,Solo dos especialidades logran el objetivo del Sergas de reducir la espera a tiempos prepandemia,La Voz de Galicia,NO,0.999924898147583,2024-04-23 07:52:40.462279
7499,España desaprovecha los datos que genera sobre el cáncer para diseñar terapias personalizadas,La Voz de Galicia,NO,0.9999316930770874,2024-04-23 07:52:40.462279
7500,Milei saca pecho por su gestión de la economía en Argentina,La Voz de Galicia,NO,0.9999711513519288,2024-04-23 07:52:40.462279
7501,Una familia de O Rosal espera el primer flamenco gallego,La Voz de Galicia,NO,0.999876856803894,2024-04-23 07:52:40.462279
7502,Terminator Koldo García escurriendo el bulto,La Voz de Galicia,NO,0.9999631643295288,2024-04-23 07:52:40.462279
7503,El Tribunal Superior ordena a una empresa de O Porriño pagarle 4.300 euros a un camionero por horas extras,La Voz de Galicia,NO,0.999971866607666,2024-04-23 07:52:40.462279
7504,Las mutuas reclaman casi cuatro años después la ayuda del covid a autónomos,La Voz de Galicia,NO,0.999857783317566,2024-04-23 07:52:40.462279
7505,Alquila un piso turístico de lujo en A Coruña para un fin de semana y lo okupa un mes y medio,La Voz de Galicia,SI,0.9937443137168884,2024-04-23 07:52:40.462279
7506,A subasta un piso de Ferrol tras reclamar una deuda de solo un euro y con inquilinos dentro,La Voz de Galicia,NO,0.9999719858169556,2024-04-23 07:52:40.462279
7507,Dieciséis años como carpintero y lo despiden cuando pide una reducción de la jornada para atender a su hijo,La Voz de Galicia,NO,0.9067570567131042,2024-04-23 07:52:40.462279
7508,«Da mucha pena y vergüenza ajena ver cómo están los hórreos y su alumbrado»,La Voz de Galicia,NO,0.715919017791748,2024-04-23 07:52:40.462279
7509,Inquilinos de un inmueble de la calle Galera de A Coruña dicen sufrir acoso inmobiliario,La Voz de Galicia,NO,0.999970555305481,2024-04-23 07:52:40.462279
7510,Del «usar y tirar» al «arreglar y reutilizar»: la UE extenderá la garantía tras una reparación,La Voz de Galicia,NO,0.999879002571106,2024-04-23 07:52:40.462279
7511,La excéntrica letrada Elsbeth Tascioni llega con serie propia,La Voz de Galicia,SI,0.9377889037132264,2024-04-23 07:52:40.462279
7512,Leer: la forma más rápida de viajar,La Voz de Galicia,SI,0.9999512434005736,2024-04-23 07:52:40.462279
7513,Alumnos de un instituto de Vigo bebieron agua con exceso de plomo al menos durante tres meses,La Voz de Galicia,NO,0.999854564666748,2024-04-23 07:52:40.462279
7514,Junts y Esquerra aplauden la mayoría nacionalista obtenida por sus aliados en el País Vasco,La Voz de Galicia,NO,0.9999674558639526,2024-04-23 07:52:40.462279
7515,Prisión e inhabilitación para un masajista de Caldas que abusó sexualmente de una peregrina en su clínica,La Voz de Galicia,SI,0.6702359318733215,2024-04-23 07:52:40.462279
7516,"Los afectados por la quiebra de Pescanova se reparten 3,2 millones de los embargos a De Sousa",La Voz de Galicia,NO,0.9999711513519288,2024-04-23 07:52:40.462279
7517,La burocracia complica la carrera a contrarreloj por comprar semilla de almeja para la ría de Pontevedra,La Voz de Galicia,NO,0.9999535083770752,2024-04-23 07:52:40.462279
7518,Jacobo Fernández: «O rodaballo é o animal ao que máis lle quero»,La Voz de Galicia,NO,0.8856794238090515,2024-04-23 07:52:40.462279
7519,"Jacobo Fernández, o biólogo do ano: «O rodaballo é o animal ao que máis lle quero»",La Voz de Galicia,NO,0.9994899034500122,2024-04-23 07:52:40.462279
7520,"Galicia alimenta el Salón Gourmets con pescado, carnes y las mejores mieles",La Voz de Galicia,NO,0.999955415725708,2024-04-23 07:52:40.462279
7521,Francia no podrá prohibir que se llame filete o ventresca a productos veganos,La Voz de Galicia,SI,0.8993929028511047,2024-04-23 07:52:40.462279
7522,Altri dice que hay un plan para construir balsas para agua de lluvia para no afectar al río Ulla,La Voz de Galicia,NO,0.9999412298202516,2024-04-23 07:52:40.462279
7523,El Dépor Abanca también sube al balcón: «Nos vemos en Primera»,La Voz de Galicia,NO,0.999784290790558,2024-04-23 07:52:40.462279
7524,El Tribunal Supremo venezolano interviene al partido de Capriles,La Voz de Galicia,NO,0.999974012374878,2024-04-23 07:52:40.462279
7525,"Sorloth, criticado por dejar sola a su pareja antes del parto",La Voz de Galicia,NO,0.9995384216308594,2024-04-23 07:52:40.462279
7526,El clásico aviva la polémica sobre la importancia de la tecnología de gol,La Voz de Galicia,NO,0.9999581575393676,2024-04-23 07:52:40.462279
7527,Irán refuerza la represión para imponer el velo,La Voz de Galicia,NO,0.999970316886902,2024-04-23 07:52:40.462279
7528,La mezcla Pustovyi Blazevic recuerda los tiempos de Muscala y Oriol Junyent,La Voz de Galicia,NO,0.9992316961288452,2024-04-23 07:52:40.462279
7529,Los sindicatos rechazan la propuesta de jubilación parcial del Gobierno,La Voz de Galicia,NO,0.9999628067016602,2024-04-23 07:52:40.462279
7530,"Bruselas amenaza con suspender en España TikTok Lite, que paga a sus usuarios por ver vídeos",La Voz de Galicia,NO,0.9999605417251588,2024-04-23 07:52:40.462279
7531,La ONCE pide que no se distraiga con comida a los perros guía,La Voz de Galicia,NO,0.9995930790901184,2024-04-23 07:52:40.462279
7532,El Gobierno se abre a la opa húngara en Talgo si hay socios españoles,La Voz de Galicia,NO,0.9999085664749146,2024-04-23 07:52:40.462279
7533,El juez del caso Voloh pide al CGPJ que le escolte la policía o la Guardia Civil en lugar de los Mossos,La Voz de Galicia,NO,0.999962568283081,2024-04-23 07:52:40.462279
7534,"Xavier García Albiol, ingresado en el Hospital Municipal de Badalona por una arritmia",La Voz de Galicia,NO,0.999967098236084,2024-04-23 07:52:40.462279
7535,Cuatro hombres se hacen pasar por policías y propinan una paliza con bates y palos a un vecino de Fisterra,La Voz de Galicia,SI,0.5456436276435852,2024-04-23 07:52:40.462279
7536,"Las chinches se ceban con un edificio de A Palloza, en A Coruña: «Es un problema muy grave porque nadie se hace responsable del foco»",La Voz de Galicia,NO,0.9925588369369508,2024-04-23 07:52:40.462279
7537,Freixenet anuncia un ERTE para 615 trabajadores a causa de la sequía,La Voz de Galicia,NO,0.9999696016311646,2024-04-23 07:52:40.462279
7538,"La siniestralidad laboral repunta un 7,1 % en Galicia, con 27.274 accidentes que generaron baja en el 2023",La Voz de Galicia,NO,0.9999614953994752,2024-04-23 07:52:40.462279
7539,"La reina Camila, una coronel de los ejércitos que pasa revista a la tropa",La Voz de Galicia,NO,0.9997918009757996,2024-04-23 07:52:40.462279
7540,Paula Badosa: «En Indian Wells los médicos me dijeron que sería complicado continuar mi carrera»,La Voz de Galicia,NO,0.9990941286087036,2024-04-23 07:52:40.462279
7541,Más difícil todavía para el Breogán,La Voz de Galicia,NO,0.9467059373855592,2024-04-23 07:52:40.462279
7542,La fiscala del caso del novio de Ayuso no acata la orden de la número 2 de Fiscalía,La Voz de Galicia,NO,0.9999635219573976,2024-04-23 07:52:40.462279
7543,"María Escario, defensora del espectador, pide a TVE que cancele «Supernanny»",La Voz de Galicia,NO,0.9978491067886353,2024-04-23 07:52:40.462279
7544,Jéssica Bouzas suma su primera victoria en un WTA 1.000 y asciende a tercera española del ránking mundial,La Voz de Galicia,NO,0.9999641180038452,2024-04-23 07:52:40.462279
7545,La mejor hamburguesa gourmet de España es de Ourense y un homenaje a los guisos de las abuelas,La Voz de Galicia,SI,0.9991243481636048,2024-04-23 07:52:40.462279
7546,Koldo se niega a responder e Illa se desentiende de cualquier irregularidad,La Voz de Galicia,NO,0.9999302625656128,2024-04-23 07:52:40.462279
7547,Detenidos tres alemanes por espiar a favor de China,La Voz de Galicia,NO,0.9999669790267944,2024-04-23 07:52:40.462279
7548,"Una carnicera de Ribeira, víctima del fraude del cambio: «Fue como un truco de magia»",La Voz de Galicia,NO,0.9991859793663024,2024-04-23 07:52:40.462279
7549,La climatología extrema del año pasado costó más de 13.000 millones en Europa,La Voz de Galicia,NO,0.9999003410339355,2024-04-23 07:52:40.462279
7550,Muere un militar español mientras realizaba unas maniobras con fuego real en Polonia,La Voz de Galicia,NO,0.9999675750732422,2024-04-23 07:52:40.462279
7551,Las protestas propalestinas sacuden la universidades de Columbia y Yale,La Voz de Galicia,NO,0.9999632835388184,2024-04-23 07:52:40.462279
7552,Reabre la tienda Primor de A Coruña tras casi un mes cerrada,La Voz de Galicia,NO,0.9999717473983764,2024-04-23 07:52:40.462279
7553,"Carmen Cuevas, ganadora de la primera edición de «Canta con Ames», seleccionada para La Voz Kids",La Voz de Galicia,NO,0.9999654293060304,2024-04-23 07:52:40.462279
7554,Un incendio calcina varios vehículos que estaban estacionados en el aparcamiento de un taller de Ourense,La Voz de Galicia,NO,0.9999642372131348,2024-04-23 07:52:40.462279
7555,Muere un bebé de 15 meses y su madre resulta herida tras ser atacados por dos pitbulls en Italia,La Voz de Galicia,NO,0.9999173879623412,2024-04-23 07:52:40.462279
7556,La gratuidad de las matrículas universitarias en Galicia seguirá el criterio de las becas del Ministerio,La Voz de Galicia,NO,0.999970316886902,2024-04-23 07:52:40.462279
7557,"Jordi Fernández, primer entrenador español en dirigir un equipo de la NBA",La Voz de Galicia,NO,0.9999698400497437,2024-04-23 07:52:40.462279
7558,"'Mental Masters' | Programa 5 completo, en vídeo (22/04/2024)",Telecinco,NO,0.9988247752189636,2024-04-23 07:52:40.462279
7559,Samanta Villar hace frente al vértigo y gala la noche de 'Mental Masters',Telecinco,NO,0.9959681034088136,2024-04-23 07:52:40.462279
7560,Manuel Díaz 'El cordobés' confiesa uno de sus miedos en ‘Mental Masters’,Telecinco,SI,0.9809662103652954,2024-04-23 07:52:40.462279
7561,Ana Peleteiro revela el motivo familiar por el que ha participado en ‘Mental Masters’,Telecinco,SI,0.994855523109436,2024-04-23 07:52:40.462279
7562,"El momentazo de Miguel Ángel, 'El Sevilla' explicando los verbos copulativos - Mental Masters",Telecinco,SI,0.9996961355209352,2024-04-23 07:52:40.462279
7563,Rubén Torres confiesa sus gustos sexuales y Marieta alucina: 'Soy muy antigua' - Supervivientes,Telecinco,SI,0.9988781809806824,2024-04-23 07:52:40.462279
7564,Arantxa del Sol cuenta su historia de amor con Finito de Córdoba - Supervivientes,Telecinco,SI,0.9998179078102112,2024-04-23 07:52:40.462279
7565,"'Supervivientes: Tierra de Nadie', el miércoles a las 21.50 h. en Telecinco",Telecinco,NO,0.99964439868927,2024-04-23 07:52:40.462279
7566,Marta Peñate revela cuál es su top 3 de 'Supervivientes 2024': 'Kiko va por encima de Ángel',Telecinco,NO,0.9545323848724364,2024-04-23 07:52:40.462279
7567,Lo que realmente ha habido entre Jeimy y Yulen Pereira: 'Lo triste es...' - TardeAR,Telecinco,SI,0.9999561309814452,2024-04-23 07:52:40.462279
7568,La separación legal entre Silvia Tortosa y Carlos Cánovas no consta en Estados Unidos - Tardear exclusiva,Telecinco,NO,0.9977017045021056,2024-04-23 07:52:40.462279
7569,Llega un importante cambio a la vida de la nuera de Carmen Borrego tras perder su contrato de alquiler: 'Ha en,Telecinco,SI,0.9962138533592224,2024-04-23 07:52:40.462279
7570,Naomi Asensi sorprende al revelar cuál sería su mayor miedo si fuera a Supervivientes,Telecinco,SI,0.9999133348464966,2024-04-23 07:52:40.462279
7571,El abogado de la familia de Edwin Arrieta explica lo que dirá en el juicio - Tardear,Telecinco,NO,0.9998133778572084,2024-04-23 07:52:40.462279
7572,Una mujer denucia que su vecina le ha hecho vivir un infierno seis años: amenazas y difamaciones - TardeAR,Telecinco,SI,0.999941110610962,2024-04-23 07:52:40.462279
7573,Lorena Morlote revela cuál es la pregunta que más le hacen tras su expulsión de Supervivientes,Telecinco,SI,0.9999712705612184,2024-04-23 07:52:40.462279
7574,Un hombre ha sido apuñalado 14 veces por pedir silencio en A Coruña - TardeAR,Telecinco,SI,0.9332216382026672,2024-04-23 07:52:40.462279
7575,Makoke reprende la actitud de Laura Matamoros con Miri: “No entiendo esa inquina',Telecinco,NO,0.6879509091377258,2024-04-23 07:52:40.462279
7576,Las llamadas a la policía de William Levy en el que reclama hablar con su hija - Tardear primicia,Telecinco,SI,0.9889816045761108,2024-04-23 07:52:40.462279
7577,Elena Tablada destapa el vínculo que tienen en común Laura Matamoros y Javier Ungría - Supervivientes,Telecinco,SI,0.9989007711410522,2024-04-23 07:52:40.462279
7578,Alexia Rivas toma partido en el conflicto entre Laura Matamoros y Miri - Supervivientes,Telecinco,NO,0.9748309850692748,2024-04-23 07:52:40.462279
7579,Carmen Borrego abandona momentáneamente el plató ante los ataques de Edmundo Arrocet y Gema Serrano: '¡Basta y,Telecinco,NO,0.928786039352417,2024-04-23 07:52:40.462279
7580,El tremendo enfado de Sandra Barneda con Edmundo Arrocet - Así es la vida,Telecinco,SI,0.999961256980896,2024-04-23 07:52:40.462279
7581,Las bonitas palabras del marido de Blanca Manchón por su aniversario - Supervivientes,Telecinco,SI,0.9999727010726928,2024-04-23 07:52:40.462279
7582,Fani revela qué consejo le daría a Claudia Martínez tras la expulsión de Mario González - Supervivientes,Telecinco,SI,0.9998781681060792,2024-04-23 07:52:40.462279
7583,"Alfonso Arús, sobre Luis Miguel y Paloma Cuevas: 'Una vez que has tenido de novia a Mariah Carey, ya has",laSexta,SI,0.5218047499656677,2024-04-23 07:52:40.462279
7584,Sube a Internet los vídeos de su novio siendo infiel con su mejor amiga tras ver las cámaras de seguridad,laSexta,SI,0.9999704360961914,2024-04-23 07:52:40.462279
7585,Ya solo quedan cuatro de los diez fugitivos más buscados en España: la Policía advierte de su extrema peligros,laSexta,NO,0.9996987581253052,2024-04-23 07:52:40.462279
7586,Fuentes del PP en el Senado señalan que quieren 'investigar los vínculos laborales de Begoña Gómez',laSexta,NO,0.908624529838562,2024-04-23 07:52:40.462279
7587,"Alfonso Arús, al saber que Aitana y Sebastián Yatra comparten canción tras su reconciliación: 'El día que",laSexta,SI,0.917453110218048,2024-04-23 07:52:40.462279
7588,"El alcalde de Badalona, García Albiol, ingresado en el hospital por problemas de corazón: 'Tengo que baja",laSexta,NO,0.9999548196792604,2024-04-23 07:52:40.462279
7589,El análisis de Yago Rodríguez sobre la guerra en Ucrania: 'Los rusos están jugando a desgastar',laSexta,NO,0.9998787641525269,2024-04-23 07:52:40.462279
7590,"Estas son las principales diferencias entre Armenia y España cuando nace un bebé: 'Mirarás, pero no tocar",laSexta,SI,0.8762859106063843,2024-04-23 07:52:40.462279
7591,Se casa con el padre de su exnovio después de que él le rompiera el corazón y ahora es su madrastra,laSexta,SI,0.9999614953994752,2024-04-23 07:52:40.462279
7592,Maestre define la comparecencia de Koldo en el Senado como una 'performance' que 'no sirve para,laSexta,NO,0.9999343156814576,2024-04-23 07:52:40.462279
7593,El policía que interrogó a Daniel Sancho y dos médicos declaran en el juicio por el asesinato de Edwin Arrieta,laSexta,NO,0.9999567270278932,2024-04-23 07:52:40.462279
7594,Acusan a la nueva actualización de WhatsApp de favorecer las infidelidades: 'Cada vez dan más armas a los,laSexta,SI,0.9820364117622375,2024-04-23 07:52:40.462279
7595,La divertida reacción de Alfonso Arús al ver lo poco moreno que está Almeida tras su luna de miel en Maldivas,laSexta,SI,0.9999749660491944,2024-04-23 07:52:40.462279
9357,Las ventas de Pepsico se desploman en Francia tras el enfrentamiento con Carrefour,Cinco Días,NO,0.999958634376526,2024-04-24 06:44:26.225174
7597,El análisis de Escolar sobre los cambios en la sociedad vasca: 'Es importante ver los pasos de los último,laSexta,NO,0.9999442100524902,2024-04-23 07:52:40.462279
7598,Un pitbull ataca a sus dueños mientras dormían en un domicilio de Cigales (Valladolid),laSexta,NO,0.9995167255401612,2024-04-23 07:52:40.462279
7599,"Susana Saborido, a Joaquín y su desorden: 'Yo no lo puedo echar porque vive conmigo'",laSexta,NO,0.9771549105644226,2024-04-23 07:52:40.462279
7601,El abrazo de Georgina Rodríguez y Cristiano Ronaldo sorprende a Aruser@s: 'Lo intentan hacer delante de l,laSexta,SI,0.9966703057289124,2024-04-23 07:52:40.462279
7602,Pablo Simón analiza los motivos del crecimiento de EH Bildu en las elecciones vascas,laSexta,NO,0.9999479055404664,2024-04-23 07:52:40.462279
7603,Dos pitbulls matan un bebé de 15 meses y hieren a su madre en Italia,laSexta,NO,0.999954104423523,2024-04-23 07:52:40.462279
7604,La entrada de una masa de aire ártica desploma las temperaturas en el noreste del país,laSexta,NO,0.9999572038650512,2024-04-23 07:52:40.462279
7605,El divertido dardo de Manel Fuentes a Lorena Gómez por su chiste malo en Tu cara me suena: 'Se ha notado,laSexta,SI,0.999972939491272,2024-04-23 07:52:40.462279
7606,Un pederasta es abatido por la Policía tras citar a dos niñas menores en un hotel de Seattle,laSexta,NO,0.9993475079536438,2024-04-23 07:52:40.462279
7607,El Supremo confirma la condena de 14 años de prisión al Chicle por violar a su cuñada,laSexta,NO,0.9999359846115112,2024-04-23 07:52:40.462279
9359,‘Mi reno de peluche’: El último gran éxito del boca en boca seriéfilo es una desasosegante historia real oculta en Netflix,EL PAÍS,SI,0.9999713897705078,2024-04-24 06:44:26.225174
9360,El PP fabrica premisas falsas para investigar el ‘caso Koldo’,EL PAÍS,NO,0.9902888536453248,2024-04-24 06:44:26.225174
7610,Un bebé palestino nace huérfano tras una cesárea de urgencia a su madre fallecida en un ataque israelí,laSexta,NO,0.999947428703308,2024-04-23 07:52:40.462279
7611,La Policía investiga a un responsable de la Iglesia Evangélica denunciado por abuso a cuatro menores,laSexta,NO,0.9999710321426392,2024-04-23 07:52:40.462279
9361,Luis Mateo Díez recibe el Premio Cervantes: “Nada me interesa menos que yo mismo”,EL PAÍS,NO,0.9999537467956544,2024-04-24 06:44:26.225174
7613,Comprobar el Cuponazo de la ONCE de hoy | Sorteo del viernes 12 de abril de 2024,laSexta,NO,0.9998375177383424,2024-04-23 07:52:40.462279
7614,Las elecciones catalanas condicionarán la supervivencia del Gobierno tras el alivio en Moncloa por las vascas,laSexta,NO,0.9976156949996948,2024-04-23 07:52:40.462279
7615,Las fans de Luís Miguel están que arden con el rey sol: 'Una estafa total',laSexta,SI,0.999918818473816,2024-04-23 07:52:40.462279
9362,Qué pasa cuando te mueres el mismo día que John Lennon: los artistas cuyo fallecimiento quedó eclipsado por otro,Icon,SI,0.999966025352478,2024-04-24 06:44:26.225174
9363,La victoria de los profesores universitarios asociados: una jueza abre la vía para que miles reclamen las horas no lectivas que no les pagan,EL PAÍS,NO,0.9999605417251588,2024-04-24 06:44:26.225174
7619,Sánchez defiende el Estado palestino en una conversación con el rey de Jordania y los presidentes de Egipto y,laSexta,NO,0.9999679327011108,2024-04-23 07:52:40.462279
7620,"Empate técnico entre PNV y EH Bildu, según la encuesta electoral de EiTB",laSexta,NO,0.9999688863754272,2024-04-23 07:52:40.462279
9365,ERC avisa que el Gobierno caerá si no concede una nueva financiación a Cataluña,EL PAÍS,NO,0.9999555349349976,2024-04-24 06:44:26.225174
7623,El exlíder de UGT Andalucía niega el fraude en el juicio por los cursos de formación,laSexta,NO,0.9999723434448242,2024-04-23 07:52:40.462279
9367,Un referéndum que va más allá de la duración de la Feria de Sevilla,EL PAÍS,NO,0.999969720840454,2024-04-24 06:44:26.225174
7625,El juez Aguirre rechaza la escolta de Mossos y pide que se encargue Policía Nacional o Guardia Civil,laSexta,NO,0.999944806098938,2024-04-23 07:52:40.462279
7626,"La población joven, la clave que hace posible el éxito de EH Bildu en el 21A",laSexta,NO,0.9999328851699828,2024-04-23 07:52:40.462279
7627,Carlos E. Cué explica por qué es 'evidente' que Koldo nunca va a volver al PSOE como él dice: ',laSexta,SI,0.9998087286949158,2024-04-23 07:52:40.462279
7628,De reunir a las Spice Girls a salir a caballito sobre David Beckham: así lo dio todo Victoria Beckham en su c,laSexta,SI,0.9999727010726928,2024-04-23 07:52:40.462279
7629,Prada declara que no se enriqueció con el Campus de la Justicia y afirma que fue mandato de Aguirre,laSexta,NO,0.9924276471138,2024-04-23 07:52:40.462279
7630,Reino Unido prohíbe las toallitas húmedas que contengan plásticos,laSexta,NO,0.9999327659606934,2024-04-23 07:52:40.462279
9368,"El Gobierno aprobará un plan para indemnizar a las víctimas de pederastia del clero, con o sin la colaboración de la Iglesia",EL PAÍS,NO,0.7296374440193176,2024-04-24 06:44:26.225174
7632,Podemos desaparece en Euskadi al quedar sin representación tras las elecciones vascas del 21A,laSexta,NO,0.9999343156814576,2024-04-23 07:52:40.462279
7633,Premios Talía 2024 | Todos los premiados,RTVE,NO,0.9999487400054932,2024-04-23 07:52:40.462279
7634,Luna Ío tiene volcanes activos desde hace miles de millones de años,RTVE,NO,0.9999567270278932,2024-04-23 07:52:40.462279
9369,En el centro ruandés que alojará a los deportados por el Reino Unido: “Entendemos lo que es tener que huir”,EL PAÍS,NO,0.9999688863754272,2024-04-24 06:44:26.225174
7636,"Premios Talía 2024, alfombra roja en directo",RTVE,NO,0.9999716281890868,2024-04-23 07:52:40.462279
9370,La mayor movilización desde el comienzo de la guerra de Gaza agita las universidades de Estados Unidos,EL PAÍS,NO,0.9999536275863647,2024-04-24 06:44:26.225174
9371,"Muere Dani Levinas, coleccionista y confidente de las grandes fortunas del arte",EL PAÍS,NO,0.999968409538269,2024-04-24 06:44:26.225174
9372,El debate | ¿Están en crisis las humanidades?,EL PAÍS,NO,0.8965270519256592,2024-04-24 06:44:26.225174
9373,El secretario general de la ONU pide una investigación independiente sobre las fosas comunes en Gaza,EL PAÍS,NO,0.9999710321426392,2024-04-24 06:44:26.225174
7642,Illa niega que Sanidad comprara mascarillas a la trama 'Koldo',RTVE,NO,0.994779109954834,2024-04-23 07:52:40.462279
9375,Jon Bon Jovi: “El regreso de Trump resulta aterrador”,EL PAÍS,SI,0.9803047776222228,2024-04-24 06:44:26.225174
7645,Muere un militar del Ejército mientras realizaba unas maniobras,RTVE,NO,0.9999698400497437,2024-04-23 07:52:40.462279
9377,Las empresas y ONG podrán acceder al registro de delincuentes sexuales para permitir un control periódico,EL PAÍS,NO,0.9999551773071288,2024-04-24 06:44:26.225174
9378,La celebración de Sant Jordi abarrota las calles de Barcelona pese al frío,EL PAÍS,NO,0.999391794204712,2024-04-24 06:44:26.225174
9379,¿Por qué esta plancha Russell Hobbs es la más popular en Escaparate?,EL PAÍS,SI,0.9999767541885376,2024-04-24 06:44:26.225174
7649,Dimite el jefe de la Inteligencia militar israelí por su responsabilidad tras el ataque de Hamás del 7 de...,RTVE,NO,0.9999728202819824,2024-04-23 07:52:40.462279
9380,Cómo declarar la vivienda en la renta tanto si eres inquilino como si eres propietario,EL PAÍS,SI,0.996761918067932,2024-04-24 06:44:26.225174
7651,El mapa de la guerra: Rusia avanza en el Donbás y Ucrania asegura haber dañado un buque ruso,RTVE,NO,0.9999366998672484,2024-04-23 07:52:40.462279
7652,Grandes cómics para regalar o darse un capricho en este Día del Libro,RTVE,SI,0.9999657869338988,2024-04-23 07:52:40.462279
7653,"PNV y PSE, llamados a reeditar Gobierno con más peso socialista",RTVE,NO,0.9999717473983764,2024-04-23 07:52:40.462279
7654,España tuvo en 2023 una de las mayores tasas de deuda y déficit de la UE,RTVE,NO,0.9999316930770874,2024-04-23 07:52:40.462279
7655,Perú aplica la eutanasia por primera vez a una mujer,RTVE,NO,0.999594748020172,2024-04-23 07:52:40.462279
7656,Freixenet presenta un ERTE que afectará a 615 personas,RTVE,NO,0.9999555349349976,2024-04-23 07:52:40.462279
7657,Noboa logra el apoyo popular en nueve preguntas del referéndum,RTVE,NO,0.9999706745147704,2024-04-23 07:52:40.462279
7658,"Sabina, Unamuno, Alberti y otros legados del Instituto Cervantes",RTVE,NO,0.9990602135658264,2024-04-23 07:52:40.462279
7659,Irán exhibe su arsenal militar en plena crisis con Israel: 'Si hubiéramos querido ya no existirían',RTVE,NO,0.9999673366546632,2024-04-23 07:52:40.462279
9381,La Junta azuza la división social de Castilla y León contra la festividad comunera de Villalar,EL PAÍS,NO,0.9980077147483826,2024-04-24 06:44:26.225174
7661,¿Qué es el neuroma de Morton que afecta a la reina Letizia?,RTVE,SI,0.999930739402771,2024-04-23 07:52:40.462279
9382,Cuestionario acelerado a Aitana y Fernando Guallar,EL PAÍS,SI,0.996368408203125,2024-04-24 06:44:26.225174
7663,Sumar defiende su único escaño en Euskadi ante la queja de IU,RTVE,NO,0.9999693632125854,2024-04-23 07:52:40.462279
7664,Israel realiza intensas redadas en Cisjordania y bombardea Ráfah,RTVE,NO,0.9999704360961914,2024-04-23 07:52:40.462279
7665,Los reyes de los Países Bajos reciben con honores a Felipe VI y la reina Letizia,RTVE,NO,0.9999654293060304,2024-04-23 07:52:40.462279
9383,"Medio siglo de cartilla de vacunación, en imágenes | Fotos | Planeta Futuro",EL PAÍS,NO,0.9992019534111024,2024-04-24 06:44:26.225174
9384,"Liubliana, un paseo por la perla desconocida entre el este y el centro europeo",EL PAÍS,NO,0.9999393224716188,2024-04-24 06:44:26.225174
9385,"Marruecos, un negocio agrícola de ida y vuelta en medio de la tensión",EL PAÍS,NO,0.9999700784683228,2024-04-24 06:44:26.225174
9386,Cómo ahorrar en la factura de la luz,EL PAÍS,SI,0.999471127986908,2024-04-24 06:44:26.225174
9387,"Mohammed Salem, premio Ortega y Gasset a la mejor fotografía: “Muestra el impacto de la guerra en los niños”",EL PAÍS,NO,0.999963879585266,2024-04-24 06:44:26.225174
7672,Reino Unido busca deportar migrantes a Ruanda en menos de tres meses,RTVE,NO,0.9999713897705078,2024-04-23 07:52:40.462279
9388,La pasión por los perros delata a un peligroso fugitivo escondido en Marbella,EL PAÍS,NO,0.9999053478240968,2024-04-24 06:44:26.225174
7674,Bisontes en Castilla-La Mancha para prevenir incendios,RTVE,NO,0.9999693632125854,2024-04-23 07:52:40.462279
9389,Donald Tusk sale reforzado de las municipales polacas y toma impulso para las europeas,EL PAÍS,NO,0.9999698400497437,2024-04-24 06:44:26.225174
9390,"“Messi, el mejor jugador del mundo, es el que menos falla, no el que no falla”",EL PAÍS,NO,0.9996869564056396,2024-04-24 06:44:26.225174
7677,Día del libro 2024: secretos y verdades del negocio de escribir,RTVE,SI,0.999785840511322,2024-04-23 07:52:40.462279
9391,Detenidas cinco personas en Valencia por intentar casar a la fuerza a una menor y maltratar a otra,EL PAÍS,NO,0.9999443292617798,2024-04-24 06:44:26.225174
7679,El rey de Noruega anuncia la reducción de sus apariciones públicas,RTVE,NO,0.9999643564224244,2024-04-23 07:52:40.462279
7680,"Pablo Álvarez, tercer astronauta español en poder viajar al espacio",RTVE,NO,0.9999641180038452,2024-04-23 07:52:40.462279
7681,La trata de seres humanos: la esclavitud del siglo XXI,RTVE,SI,0.9453378915786744,2024-04-23 07:52:40.462279
7682,El CSIC ofrece prácticas para jóvenes de zonas vulnerables,RTVE,NO,0.9999513626098632,2024-04-23 07:52:40.462279
9392,"Feria de Abril, murió la sapiencia, ¡viva la fiesta de los toros!",EL PAÍS,NO,0.9997957348823548,2024-04-24 06:44:26.225174
9394,El caso Ramón Paso y ‘Mi reno de peluche’: podría autodestruirme,EL PAÍS,SI,0.999964475631714,2024-04-24 06:44:26.225174
9395,Mermelada de fresa y lima | El Comidista | Gastronomía,EL PAÍS,NO,0.9975380897521972,2024-04-24 06:44:26.225174
9396,Convierte tu casa en un gimnasio: un plan con sencillos ejercicios para ponerse en forma,EL PAÍS,SI,0.9999397993087769,2024-04-24 06:44:26.225174
9398,"Trastornos del sueño, el síntoma desconocido del párkinson",EL PAÍS,NO,0.9323841333389282,2024-04-24 06:44:26.225174
9399,‘Podcast’ | Literatura infantil y juvenil: ¿por qué persisten los prejuicios?,EL PAÍS,SI,0.9967442750930786,2024-04-24 06:44:26.225174
9400,"‘Madre’, de Paz Padilla, el debut de Carlos Sobera, Ramon Gener y Máximo Huerta acaparan los focos por Sant Jordi",EL PAÍS,NO,0.9946558475494384,2024-04-24 06:44:26.225174
9401,La patera que alcanzó Brasil a la deriva llevaba nueve cadáveres de emigrantes de Mauritania y Malí,EL PAÍS,NO,0.999919891357422,2024-04-24 06:44:26.225174
9402,"‘Elogio de las manos’, de Jesús Carrasco: regocijo del trabajo manual",EL PAÍS,NO,0.6166980266571045,2024-04-24 06:44:26.225174
9405,"Bella DePaulo, doctora por Harvard: “Envejecer sin pareja tiene ventajas”",La Vanguardia,NO,0.9991794228553772,2024-04-24 06:44:26.225174
9406,Una descoordinación judicial permite la fuga de España de un líder de la Mocro Maffia,La Vanguardia,NO,0.999957799911499,2024-04-24 06:44:26.225174
9407,Rusia se expande por África con su nueva marca de mercenarios Wagner,La Vanguardia,NO,0.9999678134918212,2024-04-24 06:44:26.225174
9409,Beyoncé deja a sus fans sin palabras al mostrar su cabello real por primera vez,La Vanguardia,SI,0.999970555305481,2024-04-24 06:44:26.225174
9410,El Gremio de Floristas prevé pérdidas de más de 10 millones por el intrusismo en la venta de rosas,La Vanguardia,NO,0.9999690055847168,2024-04-24 06:44:26.225174
9413,"8 champús anticaspa para eliminar la caspa en función de tu tipo de pelo: seco, graso, sensible...",La Vanguardia,SI,0.999970555305481,2024-04-24 06:44:26.225174
9414,Así es el refugio de la Guerra Civil que Barcelona abrirá al público,La Vanguardia,NO,0.9923524260520936,2024-04-24 06:44:26.225174
9416,Javier Castillo y Ramon Gener marcan tendencia,La Vanguardia,NO,0.9999487400054932,2024-04-24 06:44:26.225174
9418,Derrota española ante los tribunales alemanes por las reclamaciones de primas a las renovables,La Vanguardia,NO,0.9999730587005616,2024-04-24 06:44:26.225174
9419,Cuando hay más escritores que lectores,La Vanguardia,SI,0.9999678134918212,2024-04-24 06:44:26.225174
9421,El Banco de España ve un déficit de 600.000 viviendas para resolver el problema de acceso,La Vanguardia,NO,0.9999699592590332,2024-04-24 06:44:26.225174
9422,Estos son los hábitos que te harán más feliz si aprendes a conectar contigo mismo,La Vanguardia,SI,0.9999682903289796,2024-04-24 06:44:26.225174
9423,La Eurocámara avala la nueva ley que consagra el derecho a reparar los productos,La Vanguardia,NO,0.9999665021896362,2024-04-24 06:44:26.225174
9424,El abogado de Edwin Arrieta declara sobre el desamparo de la familia y se expone a las preguntas de Daniel Sancho,La Vanguardia,NO,0.9996252059936525,2024-04-24 06:44:26.225174
9425,El TC inadmite a trámite el recurso de Ciudadanos contra la candidatura de Puigdemont,La Vanguardia,NO,0.9983434677124025,2024-04-24 06:44:26.225174
9426,"La innovación farmacéutica, clave para mejorar la vida de los pacientes",La Vanguardia,NO,0.9999679327011108,2024-04-24 06:44:26.225174
9430,Las protestas por Gaza se extienden en las universidades de EE.UU. a pesar de las detenciones masivas,La Vanguardia,NO,0.99997079372406,2024-04-24 06:44:26.225174
9432,"Aguasantas y Juan José Peña, ambos ex de los hijos de Raquel Bollo, anuncian su compromiso matrimonial",La Vanguardia,NO,0.9980269074440002,2024-04-24 06:44:26.225174
9433,Un fan de Taylor Swift revela lo que descubrió en su mansión: puertas secretas y toallas de baño,La Vanguardia,SI,0.9999759197235109,2024-04-24 06:44:26.225174
7733,"Una maestra mata a su novio infiel durante un juego sexual, dice que tiene Covid y aprovecha la cuarentena par",Antena 3 Noticias,SI,0.9998539686203004,2024-04-23 07:52:40.462279
7734,Muere un bebé de 15 meses tras el brutal ataque de dos pitbulls,Antena 3 Noticias,NO,0.9999219179153442,2024-04-23 07:52:40.462279
7736,Dos palestinos desatan el pánico al atropellar y disparar a varias personas en Jerusalén,Antena 3 Noticias,NO,0.9999579191207886,2024-04-23 07:52:40.462279
7737,"Una teniente coronel, sobre la repatriación de Alex, enfermo de pancreatitis, de Tailandia: 'En el vuelo",Antena 3 Noticias,NO,0.9999260902404784,2024-04-23 07:52:40.462279
7738,Mercedes Martín alerta: 'Una masa de aire ártico desplomará las temperaturas',Antena 3 Noticias,NO,0.9999499320983888,2024-04-23 07:52:40.462279
7739,Zelenski alerta de una gran ofensiva rusa en primavera,Antena 3 Noticias,NO,0.9999712705612184,2024-04-23 07:52:40.462279
7740,Estos son los países que más aumentaron su gasto militar en 2023,Antena 3 Noticias,NO,0.9998089671134948,2024-04-23 07:52:40.462279
7741,Muere una niña de 10 años al bajar del autobús escolar en San Rafael,Antena 3 Noticias,NO,0.9999715089797974,2024-04-23 07:52:40.462279
7742,Encuentran 2 máquinas expendedoras de droga en el centro de Madrid,Antena 3 Noticias,NO,0.9999194145202636,2024-04-23 07:52:40.462279
9435,Detenido en Alemania un asistente de un eurodiputado ultraderechista por espiar para China,La Vanguardia,NO,0.99997079372406,2024-04-24 06:44:26.225174
7744,"César Gonzalo avisa: 'Preparen el abrigo para la próxima semana, llega una masa de aire polar. De momento",Antena 3 Noticias,NO,0.9999372959136964,2024-04-23 07:52:40.462279
7745,Muere un militar español durante unas maniobras 'con fuego real' en Polonia,Antena 3 Noticias,NO,0.9999696016311646,2024-04-23 07:52:40.462279
9436,Fiebre de los tulipanes a los pies del Pedraforca,La Vanguardia,NO,0.9998034834861756,2024-04-24 06:44:26.225174
7748,El Gobierno Central y el de Canarias pactan el reparto de menores migrantes entre todas las comunidades,Antena 3 Noticias,NO,0.999958872795105,2024-04-23 07:52:40.462279
9439,"Raquel Bollo y su hijo Manuel, protagonistas de la Feria de Abril por su destreza con las sevillanas",La Vanguardia,NO,0.9984636306762696,2024-04-24 06:44:26.225174
9440,El plan del Gobierno para indemnizar abusos sexuales choca con los obispos,La Vanguardia,NO,0.9975196719169616,2024-04-24 06:44:26.225174
7752,Peleas en el aeropuerto de Málaga entre taxistas y conductores ilegales,Antena 3 Noticias,NO,0.9999674558639526,2024-04-23 07:52:40.462279
7753,El CIS vuelve a fallar en las encuestas electorales: no acierta con ningún partido en las elecciones vascas,Antena 3 Noticias,NO,0.9999063014984132,2024-04-23 07:52:40.462279
9441,Chorizo para David Walliams y un perro (casi) llamado Seis y Media,La Vanguardia,SI,0.9997705817222596,2024-04-24 06:44:26.225174
7755,Estos son los sistemas de defensa Patriot que tiene España que pide Ucrania,Antena 3 Noticias,NO,0.99909245967865,2024-04-23 07:52:40.462279
9442,La tierna reacción de un golden retriever al ver a su dueño disfrazado de su peluche favorito: 'Son los mejores'',La Vanguardia,SI,0.9999767541885376,2024-04-24 06:44:26.225174
9443,Sonia Ferrer se defiende tras el enfrentamiento con Amor Romeira por la transfobia,La Vanguardia,NO,0.816845178604126,2024-04-24 06:44:26.225174
9444,"Grifols coloca 1.000 millones de euros en bonos al 7,5% a grandes inversores",La Vanguardia,NO,0.9999709129333496,2024-04-24 06:44:26.225174
7759,"Encuentran el cuerpo de Félix José Esquerdo Martínez, desaparecido en El Campello en 2020",Antena 3 Noticias,NO,0.9999350309371948,2024-04-23 07:52:40.462279
7760,Vídeo | Mueren 10 personas tras el tremendo choque entre dos helicópteros que acaban estrellándose contra el s,Antena 3 Noticias,NO,0.9964913725852966,2024-04-23 07:52:40.462279
7761,El Supremo confirma la condena de 14 años de cárcel para El Chicle por haber violado a su cuñada cuando era me,Antena 3 Noticias,NO,0.9992409944534302,2024-04-23 07:52:40.462279
9445,Enseña la reacción de su golden retriever a lo largo de los años cuando llega a casa y enternece: 'No se deberían hacer viejitos',La Vanguardia,SI,0.8969976305961609,2024-04-24 06:44:26.225174
9447,"La web del Área privada ciudadana de la Generalitat, ahora más sencilla y con más servicios",La Vanguardia,NO,0.9999362230300904,2024-04-24 06:44:26.225174
7765,Un alumno de secundaria pierde la visión en un ojo tras recibir el golpe de otro estudiante en Almería,Antena 3 Noticias,NO,0.9999631643295288,2024-04-23 07:52:40.462279
7767,"Xavier García Albiol, ingresado en el hospital por problemas de corazón: 'Tengo que bajar el ritmo'",Antena 3 Noticias,NO,0.9999616146087646,2024-04-23 07:52:40.462279
9449,"Haya de Jordania, una más junto a Sarah Ferguson tras el divorcio del emir de Dubái",La Vanguardia,NO,0.999492645263672,2024-04-24 06:44:26.225174
9450,¡Auriculares de calidad con un 40% de descuento! Elige los tuyos según tu estilo de vida,La Vanguardia,SI,0.999933123588562,2024-04-24 06:44:26.225174
7771,Los médicos catalanes que receten de más serán penalizados con menor sueldo,Antena 3 Noticias,NO,0.9999362230300904,2024-04-23 07:52:40.462279
7773,Cuándo son las elecciones de Cataluña 2024,Antena 3 Noticias,NO,0.9995346069335938,2024-04-23 07:52:40.462279
7774,Los alumnos gallegos cuentan su experiencia tras la prohibición de dispositivos móviles en los centros educati,Antena 3 Noticias,NO,0.9999645948410034,2024-04-23 07:52:40.462279
7776,Se derrumban dos edificios tras los dos terremotos de más de 6 grados de magnitud en Taiwán,Antena 3 Noticias,NO,0.9999709129333496,2024-04-23 07:52:40.462279
7777,EH Bildu reclama su sitio en el Gobierno vasco tras las elecciones: '55 diputados que plantean un estatus,Antena 3 Noticias,NO,0.9999377727508544,2024-04-23 07:52:40.462279
7778,Bonoloto: Resultado del sorteo de hoy miércoles 17 de abril de 2024,Antena 3 Noticias,NO,0.99996817111969,2024-04-23 07:52:40.462279
7779,50 años de cárcel para una mujer que estranguló a una embarazada y le abrió el abdomen para robarle el bebé,Antena 3 Noticias,SI,0.9994043111801147,2024-04-23 07:52:40.462279
9452,Susana Guasch relata cómo vivió el trágico fallecimiento del futbolista Antonio Puerta: 'Yo estaba a pie de campo',La Vanguardia,NO,0.9955325126647948,2024-04-24 06:44:26.225174
9453,65.000 ascensores bajo la lupa y otras noticias del día,La Voz de Galicia,SI,0.9996482133865356,2024-04-24 06:44:26.225174
7782,"Noticias de hoy, lunes 22 de abril de 2024",Antena 3 Noticias,NO,0.999948263168335,2024-04-23 07:52:40.462279
7783,Guilarte envía a las Cortes una propuesta para superar la confrontación en la renovación del CGPJ,EL ESPAÑOL,NO,0.9999186992645264,2024-04-23 07:52:40.462279
7784,Se fuga de España el líder más peligroso de la Mocro Maffia tras una descoordinación judicial,EL ESPAÑOL,NO,0.999964714050293,2024-04-23 07:52:40.462279
7785,"Actualidad política, en directo | ERC lleva al Congreso el 'cupo catalán' de Aragonès para que el PSOE se retrate",EL ESPAÑOL,NO,0.997515082359314,2024-04-23 07:52:40.462279
7786,'Parecía que estábamos en los años 50': así ha sido el año sin agua de 80.000 vecinos de Córdoba,EL ESPAÑOL,SI,0.9904695153236388,2024-04-23 07:52:40.462279
7787,"Al PSOE se le tuerce el estreno de las comisiones de investigación: PP, ERC y Junts asedian a Illa",EL ESPAÑOL,NO,0.7269843220710754,2024-04-23 07:52:40.462279
7788,Coalición por Melilla intentó comprar 10.000 votos por correo para asegurar la victoria el 28-M,EL ESPAÑOL,NO,0.9999477863311768,2024-04-23 07:52:40.462279
7789,Otegi pide a Sánchez un 'estatus político diferente' para el País Vasco y al PNV un giro a la izquierda,EL ESPAÑOL,NO,0.9999407529830932,2024-04-23 07:52:40.462279
7790,Las 4 razones de la número dos de la Fiscalía para que no se admita la querella del novio de Ayuso,EL ESPAÑOL,SI,0.9998238682746888,2024-04-23 07:52:40.462279
7791,El éxito de Bildu humilla a víctimas de ETA: 'Se asienta sobre la sangre de nuestras familias',EL ESPAÑOL,NO,0.99978107213974,2024-04-23 07:52:40.462279
7792,Francos retrata a Koldo como un conseguidor: le ofreció material sanitario y 'software' informático,EL ESPAÑOL,NO,0.990456521511078,2024-04-23 07:52:40.462279
7793,Illa recibió a Koldo y lo redirigió 'a los técnicos' pero su jefe de gabinete se reunió tres veces con él,EL ESPAÑOL,NO,0.9964297413825988,2024-04-23 07:52:40.462279
7794,"Tsunami en el Central de Instrucción 6: Gadea se irá, García-Castellón se jubila y Pedraz quiere postularse",EL ESPAÑOL,NO,0.9999690055847168,2024-04-23 07:52:40.462279
7795,La hora de Koldo e Illa. ¿Son las comisiones de investigación son los nuevos mítines?,EL ESPAÑOL,SI,0.7547047734260559,2024-04-23 07:52:40.462279
7796,"Indemnización récord: una juez concede 3,3 millones a una mujer atropellada en un paso de cebra",EL ESPAÑOL,NO,0.9999710321426392,2024-04-23 07:52:40.462279
7797,IU pospone su ruptura con Sumar hasta después del 9-J: concurrirán juntos a las europeas,EL ESPAÑOL,NO,0.999963402748108,2024-04-23 07:52:40.462279
7798,Tres cadáveres políticos y un superviviente: el debate que hace cinco años tuvo en vilo a España,EL ESPAÑOL,NO,0.999920129776001,2024-04-23 07:52:40.462279
7799,El Colegio de Abogados de Madrid logra la suspensión de un juicio pedida por un letrado con la pierna rota,EL ESPAÑOL,NO,0.9999390840530396,2024-04-23 07:52:40.462279
7800,Moreno moviliza a sus bases para las catalanas: 'Una parte de Andalucía está en Cataluña',EL ESPAÑOL,NO,0.9999538660049438,2024-04-23 07:52:40.462279
7801,Así es 'La Senda': el cordón verde que rodeará al Centro Comercial Nueva Condomina en Murcia,EL ESPAÑOL,NO,0.948804259300232,2024-04-23 07:52:40.462279
7802,Illa reconoce que se vio con Koldo pero dice que le derivó a los técnicos y no se contrató con Soluciones,EL ESPAÑOL,NO,0.5521071553230286,2024-04-23 07:52:40.462279
7803,La Plataforma de Suelos Contaminados: 'Cartagena es la sexta ciudad más contaminada del país',EL ESPAÑOL,NO,0.9999555349349976,2024-04-23 07:52:40.462279
7804,"Francos, ex mano derecha de Illa, contradice su versión: 'El ministro me dijo: 'te llamará Koldo''",EL ESPAÑOL,NO,0.9999237060546876,2024-04-23 07:52:40.462279
7805,Por qué un criminólogo podría ser un buen periodista de sucesos: el Máster de El Español,EL ESPAÑOL,SI,0.9999667406082152,2024-04-23 07:52:40.462279
7806,Muere un militar del Ejército de Tierra en Polonia durante un ejercicio con fuego real,EL ESPAÑOL,NO,0.9999699592590332,2024-04-23 07:52:40.462279
7807,La fiscal encargada de la querella del novio de Ayuso obliga a convocar a la Junta de Fiscales de Sala,EL ESPAÑOL,NO,0.9998890161514282,2024-04-23 07:52:40.462279
7808,"Koldo fue a por el Oscar en cine mudo, pero acabó como Rocky: todos los ganchos a sus señorías",EL ESPAÑOL,SI,0.999944806098938,2024-04-23 07:52:40.462279
7809,El Gobierno y Canarias pactan una reforma legal urgente para repartir 2.500 menores migrantes a CCAA,EL ESPAÑOL,NO,0.9998999834060668,2024-04-23 07:52:40.462279
7810,Los vecinos del norte de Córdoba vuelven a beber agua del grifo un año después,EL ESPAÑOL,NO,0.9998140931129456,2024-04-23 07:52:40.462279
7811,Sémper: '¿Qué celebra el PSOE? ¿Que Bildu ha conseguido el mejor resultado de su historia?',EL ESPAÑOL,SI,0.7822374701499939,2024-04-23 07:52:40.462279
7812,Cuántos vascos han votado a Santiago Abascal en su pueblo en las elecciones vascas de 2024,EL ESPAÑOL,SI,0.9998047947883606,2024-04-23 07:52:40.462279
7813,El CIS de Tezanos vuelve a fracasar como en Galicia: dio ganador a Bildu a diez días de las elecciones,EL ESPAÑOL,NO,0.9999722242355348,2024-04-23 07:52:40.462279
7814,Koldo García atiza a Bildu en el Senado: 'Son ustedes los primeros que no tienen la conciencia tranquila',EL ESPAÑOL,NO,0.9999425411224364,2024-04-23 07:52:40.462279
7815,El exlíder de UGT Andalucía apunta que la Junta avalaba su gasto de las subvenciones,EL ESPAÑOL,NO,0.9994126558303832,2024-04-23 07:52:40.462279
9454,"Aldara Meilán, una joya paso a paso hacia el podio",La Voz de Galicia,NO,0.9999710321426392,2024-04-24 06:44:26.225174
7817,"Resultados elecciones País Vasco 2024, en directo | Madrid califica de 'preocupante la radicalización' en el País Vasco con el crecimiento de Bildu",EL ESPAÑOL,NO,0.9999723434448242,2024-04-23 07:52:40.462279
9455,"«La quimera», soñando a la mujer perdida",La Voz de Galicia,SI,0.9997276663780212,2024-04-24 06:44:26.225174
9456,La ONU y el Consejo de Europa exigen a Sunak que desista de deportar a migrantes a Ruanda,La Voz de Galicia,NO,0.9999650716781616,2024-04-24 06:44:26.225174
9457,"TikTok Lite, la aplicación «tóxica y adictiva» que da puntos por ver vídeos y reclutar usuarios",La Voz de Galicia,SI,0.9998883008956908,2024-04-24 06:44:26.225174
7821,"Actualidad política, en directo | Illa: 'Nunca tuve sospechas o dudas sobre Koldo García, me enteré de la trama por los medios'",EL ESPAÑOL,NO,0.9999481439590454,2024-04-23 07:52:40.462279
9458,Deportistas que nadaron a contracorriente: estas son las que abrieron camino,La Voz de Galicia,NO,0.9999244213104248,2024-04-24 06:44:26.225174
9459,Viajan solos y hacen piña por WhatsApp: «De aquí salen muchas parejas y vuelves siempre con amigos de verdad»,La Voz de Galicia,SI,0.9999380111694336,2024-04-24 06:44:26.225174
7824,El juez de 'Volhov' pide a Guilarte que reclame escolta de Policía Nacional en lugar de los Mossos,EL ESPAÑOL,NO,0.9999688863754272,2024-04-23 07:52:40.462279
9460,«Me resisto a la inmediatez del mercado de la música»,La Voz de Galicia,NO,0.987413763999939,2024-04-24 06:44:26.225174
9461,Síntomas cardiovasculares que no debes ignorar: «Una falta de aire repentina debe generar alarma»,La Voz de Galicia,NO,0.9977685213088988,2024-04-24 06:44:26.225174
9462,La nueva normativa obligará a revisar más de 65.000 ascensores en Galicia,La Voz de Galicia,NO,0.9999678134918212,2024-04-24 06:44:26.225174
9463,"Peteiro, o artista que navegou entre a cor, a vangarda e a fantasía",La Voz de Galicia,NO,0.9974110722541808,2024-04-24 06:44:26.225174
9464,Un accidente frustra el viaje del chino que salió a caballo de Lalín,La Voz de Galicia,NO,0.9893175959587096,2024-04-24 06:44:26.225174
9465,Las 4.000 hogueras que protegen al viñedo de las heladas,La Voz de Galicia,NO,0.9997010231018066,2024-04-24 06:44:26.225174
9466,Plexus Tech gana músculo en el campo de la tecnología móvil con la incorporación de Nomasystems,La Voz de Galicia,NO,0.9999700784683228,2024-04-24 06:44:26.225174
9467,"La Seguridad Social niega la incapacidad a una trabajadora con fibromialgia, artrosis degenerativa y un trastorno psíquico",La Voz de Galicia,NO,0.9985578656196594,2024-04-24 06:44:26.225174
9468,"Jailson, ejemplo de adaptación, mejora física y comprensión",La Voz de Galicia,NO,0.9866406321525574,2024-04-24 06:44:26.225174
9469,"«No hay que descartar nada, la tercera guerra mundial es posible»",La Voz de Galicia,NO,0.997969686985016,2024-04-24 06:44:26.225174
9470,«Vivienda y alquiler: algunos vamos camino de vivir en cuevas»,La Voz de Galicia,NO,0.992839217185974,2024-04-24 06:44:26.225174
9471,Gratuidad de la universidad: ¿la casa por el tejado?,La Voz de Galicia,NO,0.8326436281204224,2024-04-24 06:44:26.225174
9472,"Varias familias de Valdoviño, sin plaza para sus hijos en el colegio: «No nos vinimos a vivir al rural para tener que llevar a las niñas a un colegio de ciudad»",La Voz de Galicia,NO,0.9998005032539368,2024-04-24 06:44:26.225174
9473,La mejoría del Celta está en las piernas,La Voz de Galicia,NO,0.999810755252838,2024-04-24 06:44:26.225174
9474,Desde que Jácome es alcalde el Concello de Ourense ha gastado más de 16.000 euros en 93 comidas institucionales,La Voz de Galicia,NO,0.9997771382331848,2024-04-24 06:44:26.225174
9475,"«Soy Pepita, me llaman Marisol»: el día en que La Voz entrevistó a la niña prodigio que un día decidió no hablar más",La Voz de Galicia,SI,0.9988051652908324,2024-04-24 06:44:26.225174
9476,Prueban en el campus de Ourense la antena de un vehículo robótico para explorar las cuevas de la Luna,La Voz de Galicia,NO,0.99969744682312,2024-04-24 06:44:26.225174
9477,Análisis: Las claves del relevo del lendakari,La Voz de Galicia,SI,0.9675858020782472,2024-04-24 06:44:26.225174
9478,Perico Cornejo: «Nuestros expertos ayudan a encontrar tu mejor versión»,La Voz de Galicia,NO,0.6852480173110962,2024-04-24 06:44:26.225174
9479,Tiago cumplió su sueño y pudo ir de excursión en autobús,La Voz de Galicia,SI,0.9999376535415648,2024-04-24 06:44:26.225174
9480,"Sabor de Aldea, la marca de Vilar de Santos que vende 50.000 chorizos al año por internet",La Voz de Galicia,NO,0.9998871088027954,2024-04-24 06:44:26.225174
9481,Condenada en Pontevedra tras vaciar la cuenta con los ahorros que un amigo iba a destinar a tratar su enfermedad terminal,La Voz de Galicia,NO,0.9985203146934508,2024-04-24 06:44:26.225174
9482,"Condujo ebrio y retó a los agentes de Policía Local de Ourense que le dieron el alto: «Tengo un hermano guardia civil, se os va a caer el pelo»",La Voz de Galicia,NO,0.9071272015571594,2024-04-24 06:44:26.225174
9483,La okupa desalojada de un piso turístico de A Coruña allanó otro a las dos horas y lo intentó en un tercero,La Voz de Galicia,SI,0.8992807865142822,2024-04-24 06:44:26.225174
9484,Plantar castaños y robles: así es la fórmula de comuneros de Guitiriz para evitar incendios y otros riesgos,La Voz de Galicia,NO,0.9988781809806824,2024-04-24 06:44:26.225174
9485,El ciclista que afrontó el cáncer a golpe de pedal: «El deporte fue mi válvula de escape»,La Voz de Galicia,NO,0.9997162222862244,2024-04-24 06:44:26.225174
9486,"Jorge Dezcallar: «No hay que descartar nada, la tercera guerra mundial es posible»",La Voz de Galicia,NO,0.9994007349014282,2024-04-24 06:44:26.225174
9487,FP Innova 2024: O futuro invéntase na formación profesional e pode verse en Santiago,La Voz de Galicia,NO,0.99993896484375,2024-04-24 06:44:26.225174
9488,"¿Qué la causa?, ¿existen tratamientos?, ¿cuál es la esperanza de vida?, preguntas y respuestas sobre el ELA",La Voz de Galicia,SI,0.999784290790558,2024-04-24 06:44:26.225174
9489,Dejémonos de historias: han arrasado,La Voz de Galicia,SI,0.9999372959136964,2024-04-24 06:44:26.225174
9490,Facenda reorganiza toda su cúpula ante el desafío de la financiación autonómica,La Voz de Galicia,NO,0.9999653100967408,2024-04-24 06:44:26.225174
9491,Trece empresas se quedan tiradas por una obra de la Zona Franca de Vigo,La Voz de Galicia,NO,0.999963879585266,2024-04-24 06:44:26.225174
9492,La Ley gallega del litoral pasa A Marola,La Voz de Galicia,NO,0.999964714050293,2024-04-24 06:44:26.225174
9493,El mafioso narcotraficante que amenazó a la princesa holandesa,La Voz de Galicia,NO,0.9773070812225342,2024-04-24 06:44:26.225174
9494,Dos naroneses se enfrentan a dos años y medio de cárcel y una multa por alzar una chabola sin permiso,La Voz de Galicia,NO,0.9998842477798462,2024-04-24 06:44:26.225174
9495,Estafas con la declaración de la renta: el falso mensaje de que Hacienda te devuelve dinero,La Voz de Galicia,SI,0.9994843006134032,2024-04-24 06:44:26.225174
9496,El portero de un edificio reclama 18.000 euros a la comunidad de vecinos por causarle ansiedad,La Voz de Galicia,NO,0.999824583530426,2024-04-24 06:44:26.225174
9497,Baiona explota el turismo pesquero,La Voz de Galicia,NO,0.9999600648880004,2024-04-24 06:44:26.225174
9498,El detenido por matar a una mujer en O Porriño ya fue acusado en el 2010 de otro homicidio en Venezuela,La Voz de Galicia,NO,0.9999642372131348,2024-04-24 06:44:26.225174
9499,"Dmytro Matiuschenko, ministro consejero de la embajada de Ucrania: «Es indispensable que Rusia no salga impune y rinda cuentas»",La Voz de Galicia,NO,0.999968409538269,2024-04-24 06:44:26.225174
9500,Giráldez rescata a Carles Pérez,La Voz de Galicia,NO,0.999959111213684,2024-04-24 06:44:26.225174
9501,"Óscar Rivas, veterinario: «En Galicia hai cada vez máis osos e hai que prepararse para recuperalos»",La Voz de Galicia,NO,0.999863624572754,2024-04-24 06:44:26.225174
9502,En vaqueros para partir la pana,La Voz de Galicia,SI,0.9999533891677856,2024-04-24 06:44:26.225174
9503,Despiden a un conserje en A Laracha que estaba de baja y antes de ser subrogado por quinta vez,La Voz de Galicia,NO,0.9998939037322998,2024-04-24 06:44:26.225174
9504,"Supernanny, al rincón de pensar",La Voz de Galicia,SI,0.9999265670776368,2024-04-24 06:44:26.225174
9505,Las permutas de Friol siguen haciendo furor entre ganaderos: «Ou tes terreo ou non fas nada»,La Voz de Galicia,NO,0.9996540546417236,2024-04-24 06:44:26.225174
9506,Galicia explota la imagen de su cesta de la compra en el Salón Gourmets,La Voz de Galicia,NO,0.9999651908874512,2024-04-24 06:44:26.225174
9507,"José Luis do Val, enfermo de ELA: «Yo quiero decidir cuándo morirme, pero tengo que tener ayudas y no arruinar a mi familia»",La Voz de Galicia,NO,0.9964589476585388,2024-04-24 06:44:26.225174
9508,Una borrasca fría dejará nieve en Galicia,La Voz de Galicia,NO,0.9999498128890992,2024-04-24 06:44:26.225174
9509,El pulpo gallego fresco desaparecerá del mercado del 3 de mayo al 1 de julio,La Voz de Galicia,NO,0.999941349029541,2024-04-24 06:44:26.225174
9510,Una Swiatek centenaria en Madrid,La Voz de Galicia,NO,0.9968820810317992,2024-04-24 06:44:26.225174
9511,Doscientos días de guerra dejan más de 34.000 muertos en la Franja,La Voz de Galicia,NO,0.999970555305481,2024-04-24 06:44:26.225174
9512,El Arenteiro inscribe a su entrenador de porteros para jugar contra el Deportivo,La Voz de Galicia,NO,0.9999598264694214,2024-04-24 06:44:26.225174
9513,"Pablo Brea, portero cedido por el Dépor al Arenteiro: «Tengo tantas opciones de jugar en Riazor como cualquier compañero»",La Voz de Galicia,NO,0.9999275207519532,2024-04-24 06:44:26.225174
9514,La ley gallega para la costa que avala el Constitucional: una norma para gestionar 2.555 kilómetros y evitar la pérdida de 4.000 edificios,La Voz de Galicia,NO,0.9999566078186036,2024-04-24 06:44:26.225174
9515,Nueve industrias gallegas piden las ayudas del PERTE de la descarbonización para financiar inversiones por 260 millones,La Voz de Galicia,NO,0.999971866607666,2024-04-24 06:44:26.225174
9516,El Obradoiro se enfrentará al Real Madrid y a todas las estadísticas,La Voz de Galicia,NO,0.9985709190368652,2024-04-24 06:44:26.225174
9517,"Lucas Vázquez, una «leyenda» con retranca en el Santiago Bernabéu",La Voz de Galicia,NO,0.9986382126808168,2024-04-24 06:44:26.225174
9518,"Héber Pena: «Vamos a pelear por el sueño ya no de veinticinco tíos, sino de Ferrolterra»",La Voz de Galicia,NO,0.9949644804000854,2024-04-24 06:44:26.225174
9519,Confirman la condena para el narco juzgado en Ourense que dijo que se dedicaba a comprar marisco,La Voz de Galicia,NO,0.9999593496322632,2024-04-24 06:44:26.225174
9520,La ley de la ELA incluirá el resto de enfermedades neurodegenerativas,La Voz de Galicia,NO,0.9999456405639648,2024-04-24 06:44:26.225174
9521,El novio de Ayuso propuso aceptar ocho meses de cárcel y pagar 525.000 euros para no ir a juicio,La Voz de Galicia,NO,0.7983954548835754,2024-04-24 06:44:26.225174
9522,Victoria Beckham se declara fan del estilo de la reina Letizia: «Es mi musa definitiva»,La Voz de Galicia,SI,0.9986053109169006,2024-04-24 06:44:26.225174
9523,El «multódromo» de Ares genera protestas hasta desde Alemania: «Es la gallina de los huevos de oro»,La Voz de Galicia,NO,0.9999492168426514,2024-04-24 06:44:26.225174
7883,"Un hombre herido de gravedad al volcar su turismo a su paso por la zona de Muñique, en Teguise (Lanzarote)",COPE,NO,0.9999608993530272,2024-04-23 07:52:40.462279
7884,"Estabilizados los incendios forestales de Barreiros y de Rois, que queman ya casi 120 hectáreas entre los dos",COPE,NO,0.9999630451202391,2024-04-23 07:52:40.462279
7885,Sucesos.- Interceptado en Alcalá de los Gazules un camionero cuadruplicando la tasa máxima de alcohol permitida,COPE,NO,0.9999420642852784,2024-04-23 07:52:40.462279
7886,Programa de Formación Profesional para el Empleo,COPE,NO,0.9999542236328124,2024-04-23 07:52:40.462279
7887,Guadix ha sido sede este fin de semana del XXVI Encuentro interprovincial de sedes del APFA,COPE,NO,0.9998946189880372,2024-04-23 07:52:40.462279
7888,Magnífico concierto de Carla Román Vázquez,COPE,SI,0.9949821829795836,2024-04-23 07:52:40.462279
7889,Castellón entre los mejores destinos de España y Europa para el paracaidismo,COPE,NO,0.9999406337738036,2024-04-23 07:52:40.462279
7890,El programa “Yo camino por nuestro entorno” celebra este domingo una nueva ruta,COPE,NO,0.9958490133285522,2024-04-23 07:52:40.462279
7891,Hallan el cadáver de una mujer desaparecida en Gandia hace 3 años,COPE,NO,0.9999719858169556,2024-04-23 07:52:40.462279
7892,La Bolsa estira las ganancias de ayer y pone rumbo a los 11.000 puntos de Ibex,COPE,NO,0.9999722242355348,2024-04-23 07:52:40.462279
7893,Javier Aguirre: 'Tenemos que cuidar los detalles en las áreas',COPE,NO,0.9998045563697816,2024-04-23 07:52:40.462279
7894,Junqueras cuestiona que Junts+ apueste por rehacer la unidad independentista dado su 'egoísmo',COPE,NO,0.9999356269836426,2024-04-23 07:52:40.462279
7895,"Cielo nuboso, rachas fuertes de viento en Castellón y temperaturas mínimas en descenso este martes en la Comunitat",COPE,NO,0.999963641166687,2024-04-23 07:52:40.462279
7896,La reacción de Carlos Herrera al rifirrafe entre Amor Romeira y Sonia Ferrer por la ley trans,COPE,SI,0.999784529209137,2024-04-23 07:52:40.462279
7897,La Fibrodisplasia Osificante Progresiva protagoniza hoy una jornada divulgativa,COPE,NO,0.9981943964958192,2024-04-23 07:52:40.462279
7898,Una tradición de 28 años y única en Aragón: Así se vive San Jorge en Alcañiz,COPE,NO,0.997896671295166,2024-04-23 07:52:40.462279
7899,"Predicción meteorológica para hoy martes, 23 de abril, en Baleares: chubascos ocasionales, fuertes por la noche",COPE,NO,0.9999675750732422,2024-04-23 07:52:40.462279
7900,Susana Jara sustituye a Félix Romero Cañizares como presidenta de la Junta Rectora de la Lagunas de Ruidera,COPE,NO,0.9999608993530272,2024-04-23 07:52:40.462279
7901,"Katharine Birbalsingh, la directora de una escuela en Gran Bretaña que hace brillar a los alumnos",COPE,NO,0.9999576807022096,2024-04-23 07:52:40.462279
7902,Afectados del incendio de Campanar se reúnen en silencio ante el edificio 2 meses después,COPE,NO,0.9999734163284302,2024-04-23 07:52:40.462279
7903,Agenda Informativa de Europa Press Sociedad para hoy,COPE,NO,0.9999643564224244,2024-04-23 07:52:40.462279
7904,Jimbee Cartagena y Jaén Paraíso Interior se verán las caras en las semifinales de la Copa del Rey,COPE,NO,0.9994704127311708,2024-04-23 07:52:40.462279
7905,"César Trillo se muestra satisfecho, sorprendido y agradecido por la concesión del Premio Aragón 2024",COPE,NO,0.9999642372131348,2024-04-23 07:52:40.462279
7906,El PP de Águilas pide instalar cámaras de vídeo vigilancia en el casco urbano y en las pedanías,COPE,NO,0.9441801309585572,2024-04-23 07:52:40.462279
7907,La provincia de Ourense exhibe su calidad agroalimentaria en el Salón Gourmets 2024,COPE,NO,0.9999704360961914,2024-04-23 07:52:40.462279
7908,Puigdemont superaría con claridad a ERC y crecen sus opciones de presidir otra vez la Generalidad,Libertad Digital,NO,0.8579942584037781,2024-04-23 07:52:40.462279
7909,El Gobierno huye de la sesión de control del Senado en plena comisión Koldo,Libertad Digital,NO,0.99994957447052,2024-04-23 07:52:40.462279
7910,Todo lo que Illa olvidó en su comparecencia: tuvo conocimiento de la empresa de la trama del PSOE en los mayores contratos,Libertad Digital,SI,0.9994961023330688,2024-04-23 07:52:40.462279
7911,La Sección de la Audiencia de Barcelona que preside la pareja del senador Queralt de ERC bloquea el caso Voloh con Boye,Libertad Digital,NO,0.9999042749404908,2024-04-23 07:52:40.462279
7912,Sociedad Civil Catalana distingue a Savater con el premio Sant Jordi,Libertad Digital,NO,0.9999680519104004,2024-04-23 07:52:40.462279
7913,El exjefe de gabinete de Illa admite que el ministro le mandó tratar con Koldo,Libertad Digital,NO,0.9999581575393676,2024-04-23 07:52:40.462279
7914,Illa reconoce que vio a Koldo en el Ministerio pero niega que contratase a la trama y el PP le acusa de mentir,Libertad Digital,SI,0.6950988173484802,2024-04-23 07:52:40.462279
7915,Fallece un militar español durante unas maniobras de la OTAN con fuego real en Polonia,Libertad Digital,NO,0.999969720840454,2024-04-23 07:52:40.462279
7916,ERC desempolva a Junqueras para intentar frenar el 'efecto Puigdemont',Libertad Digital,NO,0.9977691173553468,2024-04-23 07:52:40.462279
7917,Mensaje de Alejandro Fernández a Génova: 'No dedicaré medio segundo a otra cosa que no sea combatir el proceso',Libertad Digital,NO,0.9999103546142578,2024-04-23 07:52:40.462279
7918,Preocupación en Defensa por los retrasos en la construcción del submarino S82 de la Armada,Libertad Digital,NO,0.9999679327011108,2024-04-23 07:52:40.462279
7919,La fiscal del caso de la filtración contra el novio de Ayuso se rebela contra la nº 2 de García Ortiz: quiere investigar,Libertad Digital,NO,0.9974330067634584,2024-04-23 07:52:40.462279
7920,El PSOE pide ahora 'no demonizar a Bildu' después de estar una semana escenificando un distanciamiento,Libertad Digital,SI,0.9913917779922484,2024-04-23 07:52:40.462279
7921,"El PP reivindica su campaña en el País Vasco, que copiará en Cataluña: 'La gestión es política de primer nivel'",Libertad Digital,NO,0.8358480930328369,2024-04-23 07:52:40.462279
7922,Las dos únicas preguntas que al PSOE le interesaba que Koldo respondiera en el Senado,Libertad Digital,SI,0.999946355819702,2024-04-23 07:52:40.462279
7923,Koldo se hace la víctima y arremete contra el Senado: '¿Me van a llamar cuando me declaren inocente?',Libertad Digital,NO,0.998970627784729,2024-04-23 07:52:40.462279
7924,Koldo contesta a Bildu como no se atrevería el PSOE,Libertad Digital,NO,0.9967173933982848,2024-04-23 07:52:40.462279
9524,"El PP acusa al Gobierno de contratar «catering gourmet» y barra libre en el Falcon, el avión oficial del presidente",La Voz de Galicia,NO,0.8022427558898926,2024-04-24 06:44:26.225174
7926,"Mazaly Aguilar denuncia el último mazazo europeo a la ganadería: los gastos de transporte se multiplican por 2,4",Libertad Digital,NO,0.9999507665634156,2024-04-23 07:52:40.462279
9525,Matas Jogela: «Estoy seguro de que juntos vamos a conseguir salir adelante»,La Voz de Galicia,SI,0.9790082573890686,2024-04-24 06:44:26.225174
9526,"Zapatero, sobre si ha hablado mucho últimamente con Puigdemont: «Es una pregunta incómoda»",La Voz de Galicia,SI,0.8811958432197571,2024-04-24 06:44:26.225174
9527,"El escultor que pintó en la tumba de Franco, Enrique Tenreiro, hará un encierro en A Coruña para reclamar rapidez judicial",La Voz de Galicia,NO,0.999948263168335,2024-04-24 06:44:26.225174
9528,Luis Planas: «Sin rentabilidad no hay sostenibilidad»,La Voz de Galicia,NO,0.999829649925232,2024-04-24 06:44:26.225174
9529,El Congreso rechaza que los sindicatos entren en los consejos de administración de las empresas,La Voz de Galicia,NO,0.99995756149292,2024-04-24 06:44:26.225174
9530,El vehículo número 16 millones fabricado en Galicia es un eléctrico,La Voz de Galicia,NO,0.9999650716781616,2024-04-24 06:44:26.225174
7933,Céline Dion habla sobre su enfermedad neurológica rara: 'Tengo dos opciones: o trabajo súper duro o me apago',El Mundo,SI,0.997840166091919,2024-04-23 10:44:36.905560
7934,El Banco de España avisa de que el paro estructural está en el 12-13% y culpa a las políticas de que doble el de la UE,El Mundo,NO,0.999958038330078,2024-04-23 10:44:36.905560
7935,La fiscal que se plantó en el caso del novio de Ayuso: 'Manifestamos a la Fiscalía General la necesidad de que se nos dejara trabajar sin presiones',El Mundo,NO,0.9607037901878356,2024-04-23 10:44:36.905560
7936,El Gobierno desvela en EEUU que ha pagado ya 50 millones más que los saudíes por el mismo paquete de Telefónica,El Mundo,NO,0.9999467134475708,2024-04-23 10:44:36.905560
7937,Investigan si un problema con la munición mató al cabo español en unas maniobras en Polonia,El Mundo,SI,0.9390864968299866,2024-04-23 10:44:36.905560
7938,Brutal enfrentamiento en MasterChef: 'No me gusta rodearme de cerdos',El Mundo,SI,0.9991670846939088,2024-04-23 10:44:36.905560
9531,«Pekín Express» desvela los nombres de sus parejas de concursantes para la nueva etapa en Max,La Voz de Galicia,SI,0.999948024749756,2024-04-24 06:44:26.225174
9532,Nada se puede comparar con Riazor,La Voz de Galicia,SI,0.999932050704956,2024-04-24 06:44:26.225174
9533,Sunak saca adelante su plan de deportaciones a Ruanda tras la luz verde del Parlamento,La Voz de Galicia,NO,0.9999549388885498,2024-04-24 06:44:26.225174
7942,MIR 2024: última llamada para cubrir las 459 plazas vacantes en Medicina de Familia,El Mundo,NO,0.9999715089797974,2024-04-23 10:44:36.905560
9534,La jueza bloquea la cuenta de la empresa de Piqué en la que cobra las comisiones de la Supercopa,La Voz de Galicia,NO,0.9999701976776124,2024-04-24 06:44:26.225174
9535,Sanción de 4.400 euros para un portero iraní que abrazó a una aficionada que invadió el campo,La Voz de Galicia,NO,0.9996654987335204,2024-04-24 06:44:26.225174
9536,Hugo Rama sufre una lesión muscular en el sóleo y no estará ante el Arenteiro,La Voz de Galicia,NO,0.9964072108268738,2024-04-24 06:44:26.225174
9537,Una empresa busca empleados para trabajar un día por un sueldo de 1.000 euros y otros 1.000 para gastar,La Voz de Galicia,NO,0.9999486207962036,2024-04-24 06:44:26.225174
9538,El Gobierno indemnizará a las víctimas de abusos de la Iglesia ya prescritos,La Voz de Galicia,NO,0.9999356269836426,2024-04-24 06:44:26.225174
9539,El Constitucional avala por unanimidad la Lei do Litoral de Galicia que había recurrido la Moncloa,La Voz de Galicia,NO,0.7626733779907227,2024-04-24 06:44:26.225174
9540,Detenido el asistente de un eurodiputado alemán de AfD por espiar para China,La Voz de Galicia,NO,0.9999674558639526,2024-04-24 06:44:26.225174
9541,Tres detenidos por el atraco a un banco de Gran Vía de Vigo con 300.000 euros de botín,La Voz de Galicia,NO,0.9999725818634032,2024-04-24 06:44:26.225174
9542,El Constitucional avala que Puigdemont sea candidato a las elecciones catalanas,La Voz de Galicia,NO,0.9998704195022584,2024-04-24 06:44:26.225174
9543,"Adiós a José Ricardo Fernández, un hombre de fútbol",La Voz de Galicia,SI,0.9868610501289368,2024-04-24 06:44:26.225174
9544,Fallece un hombre en Ribeira al volcar el tractor que manejaba,La Voz de Galicia,NO,0.999969482421875,2024-04-24 06:44:26.225174
9545,El PSdeG califica de «engano» el anuncio de gratuidad de las matrículas universitarias por parte de la Xunta,La Voz de Galicia,NO,0.9999512434005736,2024-04-24 06:44:26.225174
9546,Jéssica Bouzas debutará en su primer cuadro final de un WTA 1.000 ante Paula Badosa,La Voz de Galicia,NO,0.999954342842102,2024-04-24 06:44:26.225174
9547,"'Factor X' | Programa 2, en vídeo (23/04/24)",Telecinco,SI,0.9870343804359436,2024-04-24 06:44:26.225174
9548,"Todas las actuaciones de la segunda gala, en vídeo de 'Factor X'",Telecinco,SI,0.9792935252189636,2024-04-24 06:44:26.225174
7958,La amenaza que preocupa a Fernando Alonso: ¡Podría quedarse sin correr!,La Razón,SI,0.9823591113090516,2024-04-23 10:44:36.905560
7959,Abierto otro debate en la Feria de Sevilla: pasar el festivo del miércoles al martes,La Razón,NO,0.9999427795410156,2024-04-23 10:44:36.905560
7960,"La Royal Navy ya tiene a punto su nuevo submarino de propulsión nuclear, Agamenon",La Razón,NO,0.9998857975006104,2024-04-23 10:44:36.905560
7961,Este es el espectacular pueblo en el que se encuentra la 'diosa de las iglesias Románicas',La Razón,SI,0.9999254941940308,2024-04-23 10:44:36.905560
7962,"Hacia una movilidad sostenible, creíble y practicable",La Razón,NO,0.999948501586914,2024-04-23 10:44:36.905560
7963,La IA se cuela en la Sagrada Familia por Sant Jordi,La Razón,NO,0.9993320107460022,2024-04-23 10:44:36.905560
7964,"¿Respondes al teléfono móvil con un 'Sí'? Así funciona una peligrosa estafa, según la OCU",La Razón,SI,0.999037504196167,2024-04-23 10:44:36.905560
7965,Conferencia de presidentes de los parlamentos de la Unión Europea,La Razón,NO,0.9999356269836426,2024-04-23 10:44:36.905560
7966,Esta es la provincia con más trabajadores: Te sorprenderá,La Razón,SI,0.9979058504104614,2024-04-23 10:44:36.905560
7967,La extrema izquierda independentista presenta un decálogo para exterminar el castellano en Cataluña,La Razón,NO,0.991529941558838,2024-04-23 10:44:36.905560
7968,La Xunta crea 166 nuevas plazas públicas para el cuidado de personas con discapacidad,La Razón,NO,0.9999679327011108,2024-04-23 10:44:36.905560
7969,"Conflicto Israel-Irán y guerra con Hamás, en directo: última hora del del conflicto en Oriente Próximo",La Razón,NO,0.9999717473983764,2024-04-23 10:44:36.905560
7970,'MasterChef 12' ya conoce a su cuarto expulsado,La Razón,NO,0.7888938188552856,2024-04-23 10:44:36.905560
7971,Polémica en Marruecos por una aplicación para establecer relaciones sólo con fines matrimoniales,La Razón,NO,0.9999493360519408,2024-04-23 10:44:36.905560
7972,La deuda de la eurozona: por qué van tan mal y cuál es la solución,La Razón,SI,0.9427727460861206,2024-04-23 10:44:36.905560
7973,"Juicio a Daniel Sancho, en directo hoy: última hora y reacciones del crimen de Edwin Arrieta",La Razón,NO,0.9999227523803712,2024-04-23 10:44:36.905560
9549,"Factor X: ‘Awy’, Coral Vincenti, Jürgen y 'Divine' los elegidos en la segunda audición",Telecinco,NO,0.9854632616043092,2024-04-24 06:44:26.225174
9550,Factor X: Willy Bárcenas se acuerda de 'Taburete' con la actuación de la banda 'Awy',Telecinco,SI,0.9973498582839966,2024-04-24 06:44:26.225174
9551,Factor X: Ana Ascanio cumple su sueño al cantar ante Vanesa Martín,Telecinco,SI,0.9965533018112184,2024-04-24 06:44:26.225174
9552,Factor X: Lali alucina al ver a 'La Perra y 'El Cari': 'Les conozco',Telecinco,SI,0.9999486207962036,2024-04-24 06:44:26.225174
9553,Factor X: Iñigo López conmueve con su voz y su terrible historia,Telecinco,NO,0.716789722442627,2024-04-24 06:44:26.225174
9554,Factor X: Dani Losa hace emocionarse a su abuela con su actuación,Telecinco,SI,0.9999239444732666,2024-04-24 06:44:26.225174
9555,"Sara Sonder, Sofía Cocola y 'Soul Sisters' no convencen al jurado de 'Factor X'",Telecinco,NO,0.7710901498794556,2024-04-24 06:44:26.225174
9556,Abraham Mateo se reencuentra con una novia de la infancia en 'Factor X',Telecinco,SI,0.9999146461486816,2024-04-24 06:44:26.225174
9557,"Supervivientes 2024 | Última hora, en vídeo (23/04/24)",Telecinco,NO,0.987834095954895,2024-04-24 06:44:26.225174
7983,El líder de la Mocro Maffia que amenazó a la Princesa Amalia se fuga y la Justicia holandesa pide explicaci...,ABC.es,SI,0.9993983507156372,2024-04-23 10:44:36.905560
7984,El Banco de España critica el control al alquiler y pide que se incentive a los grandes tenedores,ABC.es,NO,0.9999713897705078,2024-04-23 10:44:36.905560
9558,Factor X: Brigitt demuestra su experiencia musical en el plató de 'Factor X' - Telecinco,Telecinco,NO,0.9945406317710876,2024-04-24 06:44:26.225174
9559,"Factor X: La emotiva versión de Jürgen de 'Pena, penita, pena' que ha hecho emocionarse a Lali - Telecinco",Telecinco,SI,0.999958872795105,2024-04-24 06:44:26.225174
9560,Factor X: El 'flow' al ritmo de Robbie Williams de Eric y su actuación final junto a Abraham Mateo - Telecinco,Telecinco,SI,0.995995044708252,2024-04-24 06:44:26.225174
7988,Apple tiene un servicio muy poco conocido con el que puedes comprar un IPhone 15 a un precio muy barato,ABC.es,SI,0.9999401569366456,2024-04-23 10:44:36.905560
9561,Factor X: Coral ilumina el escenario de 'Factor X' con su voz y emociona al jurado - Telecinco,Telecinco,NO,0.7323840260505676,2024-04-24 06:44:26.225174
9562,"Factor X: Así ha sido la versión de 'Zorra' de Alejandro Torres, un 'pintor de brocha gorda' - Telecinco",Telecinco,SI,0.9990027546882628,2024-04-24 06:44:26.225174
9563,Factor X: La petición de Abraham Mateo con la que 'Divine' ha convencido al jurado - Telecinco,Telecinco,SI,0.9716354608535768,2024-04-24 06:44:26.225174
9564,Ion Aramendi interpreta una canción y Ana Rosa alucina - TardeAR,Telecinco,SI,0.9998277425765992,2024-04-24 06:44:26.225174
9565,"Reacción en cadena | Programa, en vídeo (23/04/2024)",Telecinco,NO,0.9999545812606812,2024-04-24 06:44:26.225174
9566,Exclusiva | El testamento de la actriz Silvia Tortosa se habría abierto y dividido en cuatro partes,Telecinco,NO,0.773520827293396,2024-04-24 06:44:26.225174
9567,El increíble acierto en un segundo de los Mozos de Arousa en ‘Reacción en cadena’,Telecinco,NO,0.908742368221283,2024-04-24 06:44:26.225174
9568,La nuera de Carmen Borrego estalla contra la prensa - TradeAR,Telecinco,NO,0.97571063041687,2024-04-24 06:44:26.225174
9569,Exclusiva | Bigote Arrocet asegura que Terelu Campos le pidió dinero,Telecinco,NO,0.9999672174453736,2024-04-24 06:44:26.225174
9570,Llega un nuevo cambio para el hijo de Carmen Borrego: su decisión - TardeAR,Telecinco,NO,0.9612700939178468,2024-04-24 06:44:26.225174
9571,La desgarradora entrevista de Elizabeth Gutiérrez en la que confirma su ruptura con William Levy - Tardear pri,Telecinco,SI,0.999974250793457,2024-04-24 06:44:26.225174
9572,Se conocieron en la UCI cuando eran bebés y ahora tienen un hijo: la historia de película de este matrimonio,laSexta,SI,0.9999713897705078,2024-04-24 06:44:26.225174
8001,En directo: el escritor español Luis Mateo Díez recibe este martes el Premio Cervantes 2023,ABC.es,NO,0.9999569654464722,2024-04-23 10:44:36.905560
8002,Guilarte abronca a los políticos por su «pasividad pasmosa» ante el bloqueo del CGPJ,ABC.es,NO,0.9998183846473694,2024-04-23 10:44:36.905560
9573,El dolor de la madre de Félix José Esquerdo al hallar el cuerpo de su hijo a escasos metros de su casa después,laSexta,NO,0.9786240458488464,2024-04-24 06:44:26.225174
9574,Victoria Beckham considera a la reina Letizia su 'musa definitiva': 'Nunca se equivoca en térmi,laSexta,SI,0.7681415677070618,2024-04-24 06:44:26.225174
9575,El negocio del lobo en España: se acusa al animal de la muerte del ganado para cobrar 800 euros en subvencione,laSexta,NO,0.9999709129333496,2024-04-24 06:44:26.225174
9576,Comprobar el resultado del sorteo del Cupón Diario de la ONCE del lunes 22 de abril de 2024,laSexta,NO,0.9998670816421508,2024-04-24 06:44:26.225174
9579,'Seguirás viviendo con tu mamá': una jueza dicta orden de alejamiento para el agresor de una mujer y,laSexta,NO,0.9991187453269958,2024-04-24 06:44:26.225174
8011,Los agresores sexuales a menores tendrán un control permanente de las empresas que los empleen,ABC.es,NO,0.9793155193328856,2024-04-23 10:44:36.905560
9581,El 'dardo' de Pilar Vidal a Gerard Piqué sobre los periodistas en el aeropuerto: 'Si los quieres,laSexta,SI,0.9996448755264282,2024-04-24 06:44:26.225174
8013,La web de la consulta sobre el modelo de la Feria de Abril de Sevilla se colapsa «ante la solicitud masiva ...,ABC.es,NO,0.5042244791984558,2024-04-23 10:44:36.905560
8015,Un veterinario explica por qué los perros ladran a unas personas y a otras no,ABC.es,SI,0.999964714050293,2024-04-23 10:44:36.905560
8017,"La OTAN refuerza su presencia en el Ártico, y otros temas del día",ABC.es,NO,0.9999732971191406,2024-04-23 10:44:36.905560
8020,El Congreso interroga a Salvador Illa este lunes por las comisiones sobre las mascarillas,ABC.es,NO,0.9996880292892456,2024-04-23 10:44:36.905560
8021,¿Cuántos Testigos de Jehová hay en España y dónde están?,ABC.es,SI,0.9999270439147948,2024-04-23 10:44:36.905560
9586,El PP exigirá a Illa aclarar en el Senado las tres reuniones con Koldo García desveladas por su exjefe de gabi,laSexta,SI,0.9878125786781312,2024-04-24 06:44:26.225174
8025,Pedro Rodríguez: ¿Por qué la película 'Civil War' tiene mucho más de realidad que de ficción?,ABC.es,SI,0.999942183494568,2024-04-23 10:44:36.905560
8026,Pablo Álvarez ya es astronauta: «Nos metieron en un lago y tuvimos que sobrevivir a diez grados bajo cero»,ABC.es,NO,0.7683819532394409,2024-04-23 10:44:36.905560
9587,La sonda Voyager 1 vuelve a enviar información a la Tierra después de cinco meses sin hacerlo,laSexta,NO,0.9998718500137328,2024-04-24 06:44:26.225174
8028,Los equipos de rescate recuperan cerca de 300 cuerpos en una fosa común en Jan Yunis,ABC.es,NO,0.9999719858169556,2024-04-23 10:44:36.905560
8029,"Pablo Isla, nuevo vicepresidente de Nestlé",ABC.es,NO,0.9999696016311646,2024-04-23 10:44:36.905560
8030,El pequeño campamento militar (hoy ciudad) desde el que los Reyes Católicos arrancaron el Imperio español,ABC.es,NO,0.9997588992118835,2024-04-23 10:44:36.905560
8031,Un experimento ayuda a descifrar cómo afecta el ayuno al organismo humano,EL PAÍS,SI,0.8266382813453674,2024-04-23 10:44:36.905560
8032,“No quiero que nadie me diga que debo operarme la nariz”: el caso de las estrellas que abandonaron Hollywood en la cima de su carrera,EL PAÍS,SI,0.9999687671661376,2024-04-23 10:44:36.905560
9589,El Gobierno se planta ante las 'mentiras' de las derechas: '¿No le da a usted vergüenza este to,laSexta,SI,0.7862334847450256,2024-04-24 06:44:26.225174
8035,Pepe Viyuela: “La precariedad y la intermitencia te hacen muy vulnerable a los abusos”,EL PAÍS,NO,0.986786425113678,2024-04-23 10:44:36.905560
8037,Gráficos esenciales de las elecciones vascas: del récord de Bildu al acierto de las encuestas,EL PAÍS,NO,0.9973391890525818,2024-04-23 10:44:36.905560
8040,¿Se puede saber qué tamaño tendrá una supernova antes de que explote?,EL PAÍS,SI,0.9999518394470216,2024-04-23 10:44:36.905560
8041,"IU acepta ir con Sumar a las europeas, pero se desvincula por ahora de sus órganos de dirección",EL PAÍS,NO,0.9999656677246094,2024-04-23 10:44:36.905560
8044,El hundimiento del precio mayorista de la luz neutraliza la subida del IVA en el recibo regulado,EL PAÍS,NO,0.9999696016311646,2024-04-23 10:44:36.905560
8045,El raro mamífero con trompa y patas palmeadas: el desmán ibérico se enfrenta a su extinción,EL PAÍS,NO,0.9631792902946472,2024-04-23 10:44:36.905560
8047,Voces del PP niegan que haya que “alegrarse” de los resultados en Euskadi y critican que no se mencionara a ETA en campaña,EL PAÍS,NO,0.993134617805481,2024-04-23 10:44:36.905560
8048,"Bacalao a la tranca, el plato completo de pescado que nació en Zamora | EL COMIDISTA",EL PAÍS,SI,0.9847239255905152,2024-04-23 10:44:36.905560
9597,"Maestre, sobre la propuesta de Otegi para Euskadi: 'Si consideramos que el gobierno de España es progresi",laSexta,NO,0.9999165534973145,2024-04-24 06:44:26.225174
9598,"Roberto Leal, a Raúl Gómez: '¿Todo esto es para que no hablemos de tu chaleco?'",laSexta,NO,0.9970397353172302,2024-04-24 06:44:26.225174
8052,"Dónde comer en Castellón de la Plana, según el cocinero Miguel Barrera (Cal Paradís)",EL PAÍS,NO,0.9997145533561708,2024-04-23 10:44:36.905560
8053,El español es otro cantar: la música en castellano se quita los complejos y asalta el mercado global,EL PAÍS,SI,0.9670266509056092,2024-04-23 10:44:36.905560
8055,Timothée Chalamet no gusta a los fans de Bob Dylan: análisis de un papel que nace con polémica,Icon,SI,0.9992338418960572,2024-04-23 10:44:36.905560
8058,La España plural que confirman las urnas,EL PAÍS,NO,0.9940370321273804,2024-04-23 10:44:36.905560
8059,"La inteligencia artificial inundará las redes: Meta lanza su modelo en WhatsApp, Facebook e Instagram",EL PAÍS,NO,0.998729407787323,2024-04-23 10:44:36.905560
8060,"TGT, las misteriosas siglas del rey de los quesos en España",EL PAÍS,SI,0.9994692206382751,2024-04-23 10:44:36.905560
9602,"Álex, el turista vasco repatriado desde Tailandia, tuvo que ser operado de urgencia al llegar a España",laSexta,NO,0.9999451637268066,2024-04-24 06:44:26.225174
9605,"Beatriz de Vicente, a la pareja de Ayuso: 'No se pueden regularizar las facturas falsas, o las destruyes",laSexta,NO,0.9087823033332824,2024-04-24 06:44:26.225174
8065,"Consulte todos los datos internos de la encuesta de EL PAÍS para las elecciones catalanas: cuestionarios, cruces y respuestas individuales",EL PAÍS,SI,0.999210000038147,2024-04-23 10:44:36.905560
8066,David Trueba se adentra en la vida de barrio para su debut como director teatral,EL PAÍS,SI,0.968748152256012,2024-04-23 10:44:36.905560
8068,"Salsa Café de París: la historia, una receta y dónde ir a comerla",EL PAÍS,SI,0.9999632835388184,2024-04-23 10:44:36.905560
9608,¿Cuáles son los aspectos positivos y negativos de la reforma laboral? José María Camarero responde,laSexta,NO,0.6928514838218689,2024-04-24 06:44:26.225174
8071,"El chavismo pone trabas a las adhesiones a Edmundo González Urrutia, el candidato de la oposición",EL PAÍS América,NO,0.9999544620513916,2024-04-23 10:44:36.905560
8072,La victoria póstuma del sargento Petrichenko: Ucrania prohíbe los juegos de apuestas en el ejército,EL PAÍS,NO,0.999974012374878,2024-04-23 10:44:36.905560
8073,"Muere Dani Levinas, coleccionista de arte y confidente de las grandes fortunas del mundo",EL PAÍS,NO,0.9999679327011108,2024-04-23 10:44:36.905560
8074,‘La historia en ruinas’: derribar monumentos para abolir la maldad del pasado,EL PAÍS,SI,0.6613736152648926,2024-04-23 10:44:36.905560
9609,"Los resultados de las elecciones vascas, en 5 gráficos",laSexta,NO,0.9999524354934692,2024-04-24 06:44:26.225174
9610,Estos son los mejores libros que hemos leído en 2024 (para regalar en Sant Jordi y leer todo el año),Ahora qué leo,SI,0.9999754428863524,2024-04-24 06:44:26.225174
8078,Una carrera armamentística desbocada y sin control,EL PAÍS,NO,0.9999387264251708,2024-04-23 10:44:36.905560
8079,Científicos españoles desarrollan un ordenador cuántico único en el mundo,La Vanguardia,NO,0.9999572038650512,2024-04-23 10:44:36.905560
9612,El Gobierno italiano aprueba penas de cárcel de hasta cinco años para quien cause daños con IA,laSexta,NO,0.9999723434448242,2024-04-24 06:44:26.225174
9613,Salud declara apta para consumo humano el agua del norte de Córdoba después de un año sin poder utilizarla,laSexta,NO,0.999969720840454,2024-04-24 06:44:26.225174
9614,"La historia detrás del coma de Antonio Salazar, el dictador portugués al que hicieron creer que gobernaba",laSexta,SI,0.9996672868728638,2024-04-24 06:44:26.225174
9615,El jefe de Aston Martin explica la extrañísima estrategia de Fernando Alonso en China,laSexta,NO,0.9388000965118408,2024-04-24 06:44:26.225174
8085,"Judit Mascó: 'La conexión tan intensa que tengo con mi perro, Lost, solo te la da un animal, a los humanos nos da vergüenza'",La Vanguardia,SI,0.9999548196792604,2024-04-23 10:44:36.905560
8086,El aspirador Dyson V8 o el iPhone 14 con ofertas únicas en los Días Naranjas de PcComponentes,La Vanguardia,SI,0.999367892742157,2024-04-23 10:44:36.905560
8087,Aguacates catalanes: luces y sombras de un cultivo que abandera el kilómetro cero desde Tarragona,La Vanguardia,NO,0.999858021736145,2024-04-23 10:44:36.905560
8088,Los métodos más habituales de los delincuentes para robarte el coche sin que te des cuenta,La Vanguardia,SI,0.9998928308486938,2024-04-23 10:44:36.905560
9616,Rufián acusa a Illa de mentir en la comisión de investigación sobre el caso Koldo: 'Insulta a la intelige,laSexta,NO,0.9999715089797974,2024-04-24 06:44:26.225174
8090,Un fallo judicial permite la fuga de España de un líder de la Mocro Maffia,La Vanguardia,NO,0.9999712705612184,2024-04-23 10:44:36.905560
8091,Las elecciones vascas en 8 claves: de las 24 horas que activaron la campaña al voto en el Gran Bilbao,La Vanguardia,NO,0.9998587369918824,2024-04-23 10:44:36.905560
8094,El juez Aguirre renuncia a la escolta de Mossos y reclama protección a la Policía Nacional tras haber recibido una bomba falsa,La Vanguardia,NO,0.9999701976776124,2024-04-23 10:44:36.905560
8095,"'Calladita', la película que retrata a la burguesía catalana",La Vanguardia,NO,0.8698815703392029,2024-04-23 10:44:36.905560
8099,La UE se resiste a donar sus Patriots,La Vanguardia,NO,0.9999254941940308,2024-04-23 10:44:36.905560
8100,La rosa que reina en Sant Jordi viaja 9.000 km de Ecuador a Catalunya,La Vanguardia,NO,0.9998477697372437,2024-04-23 10:44:36.905560
8101,Golpe internacional de la Policía Nacional al tráfico de marihuana en Catalunya y Andalucía,La Vanguardia,NO,0.9999725818634032,2024-04-23 10:44:36.905560
9622,Luna llena de abril 2024: cómo y cuándo ver la luna rosa,RTVE,SI,0.9974119067192078,2024-04-24 06:44:26.225174
9623,Europa participa en la defensa planetaria con la misión Hera,RTVE,NO,0.9999680519104004,2024-04-24 06:44:26.225174
9624,Premio Cervantes 2024: Discurso de Luis Mateo Díez íntegro,RTVE,NO,0.9999645948410034,2024-04-24 06:44:26.225174
8105,"Koldo García, en el Senado: '¿Me van a llamar cuando me declaren inocente?'",La Vanguardia,NO,0.9999452829360962,2024-04-23 10:44:36.905560
8109,¿Son fiables los neumáticos de marcas chinas que cuestan hasta la mitad que las tradicionales?,La Vanguardia,SI,0.9993997812271118,2024-04-23 10:44:36.905560
8110,Reynés renuncia a su bonus para evitar un conflicto de interés en la futura opa de Naturgy,La Vanguardia,NO,0.9999678134918212,2024-04-23 10:44:36.905560
8112,Nuevas encuestas sitúan a Illa en cabeza con Puigdemont al alza y Aragonès a la baja,La Vanguardia,NO,0.9999361038208008,2024-04-23 10:44:36.905560
8117,Teresa Urquijo debuta en su primera alfombra roja como esposa de José Luis Martínez-Almeida,La Vanguardia,NO,0.8780785799026489,2024-04-23 10:44:36.905560
8118,Un soltero de 'First Dates' desvela qué lleva sin hacer 30 años y deja a su cita en shock: ''Soy muy tímido'',La Vanguardia,SI,0.9999719858169556,2024-04-23 10:44:36.905560
9634,El Constitucional inadmite el recurso de Cs contra la candidatura de Puigdemont,RTVE,NO,0.956616997718811,2024-04-24 06:44:26.225174
8121,¿Habrá policía del agua este verano?,La Vanguardia,SI,0.9992539286613464,2024-04-23 10:44:36.905560
8122,“Cada especie percibe una pequeña porción del mundo”,La Vanguardia,NO,0.7715532183647156,2024-04-23 10:44:36.905560
9635,La FED y el BCE toman caminos diferentes con sus tipos de interés,RTVE,NO,0.9999675750732422,2024-04-24 06:44:26.225174
9636,La princesa de los Países Bajos fue acogida en España tras ser amenazada por la mafia,RTVE,NO,0.9980663657188416,2024-04-24 06:44:26.225174
8125,Luz verde de PP y Vox de Elx a un complejo de 200 apartamentos turísticos en Arenales del Sol,La Vanguardia,NO,0.9991536140441896,2024-04-23 10:44:36.905560
8126,Todas las etapas educativas en Galicia comenzarán el curso 2024-2025 el 11 de septiembre,La Voz de Galicia,NO,0.9999610185623168,2024-04-23 10:44:36.905560
8127,"El PSC ganará las catalanas, y Junts y ERC se disputarán la segunda plaza, según los dos últimos sondeos",La Voz de Galicia,NO,0.9999722242355348,2024-04-23 10:44:36.905560
8128,"Despedidas, estrenos y la llegada de un diputado-presidente de fútbol para arrancar el Parlamento",La Voz de Galicia,NO,0.9998039603233336,2024-04-23 10:44:36.905560
8129,"Los pinchazos de Real Oviedo y Burgos, oxígeno «play off» para el Racing de Ferrol",La Voz de Galicia,NO,0.9999542236328124,2024-04-23 10:44:36.905560
8130,"Milei anuncia un superávit del 0,2 % durante el primer trimestre del 2024 tras reducir «el tamaño del Estado»",La Voz de Galicia,NO,0.9999693632125854,2024-04-23 10:44:36.905560
8131,"¿Por qué «Grândola Vila Morena», el himno que prendió la Revolución de los Claveles, se estrenó en Santiago?",La Voz de Galicia,SI,0.9999345541000366,2024-04-23 10:44:36.905560
8132,"Pablo Isla, nombrado vicepresidente del consejo de administración de Nestlé",La Voz de Galicia,NO,0.9999712705612184,2024-04-23 10:44:36.905560
8133,Primer gol del gallego Álvaro Carreras con el Benfica,La Voz de Galicia,NO,0.9999456405639648,2024-04-23 10:44:36.905560
8134,El Banco de España calcula que faltan 600.000 viviendas para equilibrar el mercado inmobiliario,La Voz de Galicia,NO,0.9999667406082152,2024-04-23 10:44:36.905560
8135,"El aceite de oliva virgen extra sube un 4,1 % en el supermercado, pero en origen se pagan 1,21 euros menos que en enero",La Voz de Galicia,NO,0.9999438524246216,2024-04-23 10:44:36.905560
8136,El líder de la Mocro Mafia holandesa detenido en enero se fuga tras no presentarse en los juzgados,La Voz de Galicia,NO,0.9999724626541138,2024-04-23 10:44:36.905560
8137,"Vota y opina: ¿Debe el club renovar a las jugadoras del Dépor Abanca que consiguieron el ascenso? ¿A todas, a la mayoría o solo a unas pocas?",La Voz de Galicia,NO,0.999250829219818,2024-04-23 10:44:36.905560
9640,"RTVE patrula la 'Línea azul', la frontera entre Líbano e Israel",RTVE,NO,0.9999721050262452,2024-04-24 06:44:26.225174
9641,La Audiencia Nacional reabre el caso del espionaje con Pegasus al recibir datos de Francia,RTVE,NO,0.9999704360961914,2024-04-24 06:44:26.225174
9643,"Tenis: Mutua Madrid Open 2024, en directo",RTVE,NO,0.9999699592590332,2024-04-24 06:44:26.225174
9644,'La sociedad de la nieve’ arrasa en los Premios Platino 2024,RTVE,NO,0.9999276399612428,2024-04-24 06:44:26.225174
9645,El Constitucional tumba el recurso del Gobierno contra la ley gallega del litoral,RTVE,NO,0.9999624490737916,2024-04-24 06:44:26.225174
9646,Los presidentes de los parlamentos europeos apoyan crear una fuerza militar conjunta,RTVE,NO,0.9999656677246094,2024-04-24 06:44:26.225174
8149,"Absuelto por tirar ropa de su ex en Cedeira y subirlo a las redes: «No veo tan caro el impuesto de la basura!! Ja, ja, hacen un gran trabajo'»",La Voz de Galicia,SI,0.9978067278862,2024-04-23 10:44:36.905560
9650,Se facilitará el acceso al registro de delincuentes sexuales,RTVE,NO,0.9994311928749084,2024-04-24 06:44:26.225174
9651,Las tareas pendientes de la ley de Memoria Democrática,RTVE,NO,0.9999325275421144,2024-04-24 06:44:26.225174
9654,La ONU concluye que la UNRWA debe mejorar su neutralidad y que faltan pruebas sobre posibles vínculos con...,RTVE,NO,0.9999663829803468,2024-04-24 06:44:26.225174
9658,"Conflicto Israel - Irán y guerra en Gaza, 18 de abril | EE.UU. veta la petición palestina de convertirse en miembro de pleno derecho de la ONU",RTVE,NO,0.9999732971191406,2024-04-24 06:44:26.225174
8159,"Marta Martínez Novoa, psicóloga: «Tenemos que dejar momentos para no hacer nada, aunque sean 20 minutos al día»",La Voz de Galicia,NO,0.9999234676361084,2024-04-23 10:44:36.905560
9659,"Argentina acumula un superávit financiero del 0,2% del PIB",RTVE,NO,0.9999665021896362,2024-04-24 06:44:26.225174
9661,Pueblo gitano: en que consiste la comisión parlamentaria y claves,RTVE,NO,0.960418701171875,2024-04-24 06:44:26.225174
9663,Resumen de la guerra de Israel en Gaza el 22 de abril | Recuperan los cuerpos de al menos 60 personas enterradas en una fosa común en el hospital de Nasser,RTVE,NO,0.9999685287475586,2024-04-24 06:44:26.225174
9664,Elecciones vascas 2024: Bildu se impulsa donde más se habla euskera,RTVE,NO,0.9999656677246094,2024-04-24 06:44:26.225174
8167,Koldo García escurriendo el bulto,La Voz de Galicia,NO,0.9998385906219482,2024-04-23 10:44:36.905560
9666,Loquillo inicia su gira '30 años de Transgresiones',RTVE,NO,0.999935269355774,2024-04-24 06:44:26.225174
9667,Noboa decreta un nuevo estado de excepción en Ecuador de 60 días,RTVE,NO,0.99997079372406,2024-04-24 06:44:26.225174
8170,"Ferran Adrià: «En cinco años, Galicia despuntará en el mundo de la alta cocina»",La Voz de Galicia,NO,0.9999537467956544,2024-04-23 10:44:36.905560
9669,El 44% de los españoles no contrata un seguro de viajes con cobertura completa,RTVE,NO,0.993357241153717,2024-04-24 06:44:26.225174
9670,Un muerto y siete desaparecidos tras un accidente de dos helicópteros en Japón,RTVE,NO,0.9999730587005616,2024-04-24 06:44:26.225174
9671,Interrumpen a Von der Leyen y la acusan de tener 'sangre de niños palestinos' en sus manos,RTVE,NO,0.994494616985321,2024-04-24 06:44:26.225174
8219,"Luis Santamaría, senador del PP, sobre su encontronazo con Koldo: 'No declaró nada y la gente del partido soci",Telecinco,NO,0.9971358776092528,2024-04-23 10:44:36.905560
9722,"Un niño encuentra los cadáveres de cinco miembros de una familia, entre ellos dos menores: 'Todos murieron violentamente'",Antena 3 Noticias,NO,0.9999051094055176,2024-04-24 06:44:26.225174
9723,Alec Baldwin 'golpea' el teléfono de una mujer que le pedía decir 'Palestina Libre',Antena 3 Noticias,SI,0.9999382495880128,2024-04-24 06:44:26.225174
9724,Previsión El Tiempo | Roberto Brasero avisa del frío ártico que predominará esta semana,Antena 3 Noticias,NO,0.9999624490737916,2024-04-24 06:44:26.225174
9725,Caso Daniel Sancho | Los 'violentos' golpes del cráneo de Arrieta demostrarían que el asesinato no f,Antena 3 Noticias,NO,0.9991530179977416,2024-04-24 06:44:26.225174
9726,Muere una turista de 31 años al caer al cráter de un volcán mientras se hacía un 'selfie',Antena 3 Noticias,NO,0.9997568726539612,2024-04-24 06:44:26.225174
9728,Reino Unido aprueba deportar migrantes a Ruanda,Antena 3 Noticias,NO,0.9999706745147704,2024-04-24 06:44:26.225174
9729,"La decisión de urgencia a la que se enfrentaron los médicos con Álex, el español enfermo de pancreatitis repat",Antena 3 Noticias,NO,0.8697469234466553,2024-04-24 06:44:26.225174
9731,Previsión del tiempo | Roberto Brasero: 'La puerta del frío se va a quedar abierta',Antena 3 Noticias,NO,0.9999099969863892,2024-04-24 06:44:26.225174
9732,"Quién es Karim Bouyakhrichan, el líder de la Mocro Maffia que se ha fugado de España",Antena 3 Noticias,SI,0.9999109506607056,2024-04-24 06:44:26.225174
9736,"Dos menores en Valencia denuncian a sus padres por maltrato físico, insultos y, una de ellas, por matrimonio f",Antena 3 Noticias,NO,0.9998925924301147,2024-04-24 06:44:26.225174
9740,"Este es el ancestral alimento que acabará con el hambre en el mundo, según Bill Gates",Antena 3 Noticias,SI,0.999739110469818,2024-04-24 06:44:26.225174
9743,Nuevas informaciones desde Francia hacen que la Audiencia Nacional reabra la causa del espionaje con Pegasus,Antena 3 Noticias,NO,0.9998698234558104,2024-04-24 06:44:26.225174
9744,El mejor proyecto de España es de Vigo: luces led para salvar peatones,Antena 3 Noticias,NO,0.9709492325782776,2024-04-24 06:44:26.225174
9748,Un brote mundial de cólera pone a la OMS en alerta: 'Hay riesgo de epidemia',Antena 3 Noticias,NO,0.9999661445617676,2024-04-24 06:44:26.225174
8248,Detenidas cinco personas por maltratar a dos menores e intentar el matrimonio forzado de una de ellas,laSexta,NO,0.9999274015426636,2024-04-23 10:44:36.905560
9754,Desahuciada tras 40 años viviendo en un piso de protección oficial,Antena 3 Noticias,NO,0.99984872341156,2024-04-24 06:44:26.225174
8252,¿Tienen los gatos malas intenciones? Alfonso Arús cada vez lo tiene más claro gracias a este vídeo viral,laSexta,SI,0.9999672174453736,2024-04-23 10:44:36.905560
9757,Investigan a dos guardias civiles por la muerte de un hombre en una narcolancha en Cádiz,Antena 3 Noticias,NO,0.9999690055847168,2024-04-24 06:44:26.225174
8255,"'¡Pobrecitos, mañana trabajan, pinches mediocres!': el grito viral de una mujer cuando sus vecinos s",laSexta,SI,0.9997407793998718,2024-04-23 10:44:36.905560
8256,La infalible táctica para que un dependiente no te persiga en una tienda: 'Me parece muy de cafre',laSexta,SI,0.9999570846557616,2024-04-23 10:44:36.905560
9758,"Alex y Luka, dos jóvenes héroes salvan la vida de tres turistas arrastrados por la corriente en Torremolinos",Antena 3 Noticias,NO,0.999879002571106,2024-04-24 06:44:26.225174
8259,La reacción viral de Dulceida y Alba Paul al descubrir el sexo del bebé que están esperando,laSexta,SI,0.9999772310256958,2024-04-23 10:44:36.905560
8260,"Alfonso Arús, sobre Tamara Falcó: 'No está embarazada a no ser que le dé al ozempic como si no hubiese un",laSexta,NO,0.9800399541854858,2024-04-23 10:44:36.905560
9761,"Taqa, empresa de Abu Dabi, confirma negociaciones con Criteria, CVC y GIP por Naturgy",Antena 3 Noticias,NO,0.9999736547470092,2024-04-24 06:44:26.225174
8263,Solo dos de los cinco agresores de la manada de Burjassot entrarán en un centro de internamiento y uno se qued,laSexta,NO,0.975536286830902,2024-04-23 10:44:36.905560
8264,Aitana y Sebastián Yatra anuncian una canción juntos tras reconciliarse: así suena un adelanto de 'Akureyr,laSexta,SI,0.9999010562896729,2024-04-23 10:44:36.905560
8265,La divertida reacción de un perro cuando su dueño se disfraza de su peluche favorito,laSexta,SI,0.9999771118164062,2024-04-23 10:44:36.905560
8266,"Un youtuber 'alquila' una novia en Japón: 'Puedo cogerle de la mano o sostener el brazo, pero no",laSexta,SI,0.9999266862869264,2024-04-23 10:44:36.905560
8270,Antes muerta que sencilla: esta niña no va a la guardería sin sus tacones,laSexta,SI,0.9999583959579468,2024-04-23 10:44:36.905560
8271,Frío de febrero en abril: ¿hasta cuándo se mantendrán estas temperaturas invernales?,laSexta,NO,0.9997666478157043,2024-04-23 10:44:36.905560
9765,"Resultado EuroDreams hoy, lunes 15 de abril de 2024",Antena 3 Noticias,NO,0.9999688863754272,2024-04-24 06:44:26.225174
8273,El prestigioso chef británico Gordon Ramsay elige al cocido madrileño como la tercera mejor comida del mundo,laSexta,NO,0.9648526906967164,2024-04-23 10:44:36.905560
8274,Se fuga en España el líder de la 'Mocro maffia' que amenazó de muerte a la heredera de Holanda,laSexta,NO,0.9999562501907348,2024-04-23 10:44:36.905560
9766,La pareja de Isabel Díaz Ayuso propuso aceptar 8 meses de cárcel y 525.000 euros para no ir a juicio,Antena 3 Noticias,SI,0.9993600249290466,2024-04-24 06:44:26.225174
9767,PSOE y PP empatarían en las elecciones europeas según el CIS,Antena 3 Noticias,NO,0.9999632835388184,2024-04-24 06:44:26.225174
9768,La inteligencia artificial aumenta el miedo de los trabajadores por perder su puesto de trabajo,Antena 3 Noticias,NO,0.9997431635856628,2024-04-24 06:44:26.225174
9769,"Conflicto Israel - Gaza, última hora en directo: Dimite el jefe de inteligencia de Israel por los atentados de",Antena 3 Noticias,NO,0.9999731779098512,2024-04-24 06:44:26.225174
8281,"Así es el bar de un pueblo de diez habitantes: café un euro, cerveza uno con treinta",laSexta,SI,0.99159836769104,2024-04-23 10:44:36.905560
9772,Once personas detenidas en San Javier por documentación falsa y robo con fuerza,EL ESPAÑOL,NO,0.9999723434448242,2024-04-24 06:44:26.225174
8283,"Sor Lucía carga contra los árbitros del Madrid-Barça: 'Quieren ser sordos, ciegos y mudos y en realidad,",laSexta,NO,0.9996439218521118,2024-04-23 10:44:36.905560
9773,"Actualidad política, en directo | Salvador Illa: 'Puedo garantizar que no habrá referéndum con nuestro apoyo'",EL ESPAÑOL,NO,0.9999641180038452,2024-04-24 06:44:26.225174
9774,La Junta se rebela contra las tarjeta monedero: 'No se pueden usar en el 80% de Andalucía',EL ESPAÑOL,NO,0.998640477657318,2024-04-24 06:44:26.225174
9775,El Gobierno quiere que la Iglesia pague también la indemnización de abusos prescritos o sin pruebas,EL ESPAÑOL,NO,0.9944689273834229,2024-04-24 06:44:26.225174
9776,El Presupuesto imposible de Sánchez: Puigdemont exige 22.000 M más y la UE le obliga a recortar 9.200,EL ESPAÑOL,NO,0.9617845416069032,2024-04-24 06:44:26.225174
8288,Siete actrices piden sumarse a la denuncia contra el dramaturgo Ramón Paso por agresiones sexuales,laSexta,NO,0.9966631531715392,2024-04-23 10:44:36.905560
8289,"La confesión de un niño trillizo a Thais Villas: 'Como nos van conociendo ya, nuestros padres casi no se",laSexta,SI,0.9995850920677184,2024-04-23 10:44:36.905560
9777,"La España rural irá a las europeas: más de 100 partidos locales en torno a Guitarte, de Teruel Existe",EL ESPAÑOL,NO,0.9999258518218994,2024-04-24 06:44:26.225174
9778,El Gobierno reconocerá el Estado palestino sin votar en el Congreso: sólo informará a los partidos,EL ESPAÑOL,NO,0.9999285936355592,2024-04-24 06:44:26.225174
9779,El Gobierno no enviará a Ucrania ninguna de sus 4 baterías Patriot pero sí otras más antiguas,EL ESPAÑOL,NO,0.9986942410469056,2024-04-24 06:44:26.225174
9780,'Es marroquí y tiene mucho dinero': así se opuso la Fiscalía a liberar al capo de la Mocro Maffia,EL ESPAÑOL,NO,0.9999326467514038,2024-04-24 06:44:26.225174
9781,La doctrina del TS avala a la 2 de la Fiscalía: 'Difundir datos que ya circulan no viola el deber de reserva',EL ESPAÑOL,NO,0.9997119307518004,2024-04-24 06:44:26.225174
9782,Guilarte cree que Reynders pecó de 'ingenuo' al negociar con PSOE y PP la renovación del CGPJ,EL ESPAÑOL,NO,0.9298831820487976,2024-04-24 06:44:26.225174
9783,El PSOE rehúsa reconocer en el Congreso la labor de la Policía y la Guardia Civil 'en especial en Cataluña',EL ESPAÑOL,NO,0.7642737627029419,2024-04-24 06:44:26.225174
9784,Detenido en República Dominicana el ruso considerado líder de la estafa del 'cripto-cannabis',EL ESPAÑOL,NO,0.9999700784683228,2024-04-24 06:44:26.225174
9785,El CIS de Tezanos para las elecciones europeas le hurta 2 escaños al PP y le añade 4 al PSOE,EL ESPAÑOL,NO,0.9982264637947084,2024-04-24 06:44:26.225174
9786,"Azcón: 'Cataluña celebra Sant Jordi porque Aragón celebra San Jorge, eran un condado y Aragón, reino'",EL ESPAÑOL,NO,0.9707596898078918,2024-04-24 06:44:26.225174
9787,El PP celebra que se reabra 'Pegasus': 'El Gobierno no mostró interés por saber quién espió a Sánchez',EL ESPAÑOL,SI,0.7623341679573059,2024-04-24 06:44:26.225174
9788,El TC avala la candidatura de Puigdemont: podrá presentarse el 12-M pese a tener el DNI caducado,EL ESPAÑOL,NO,0.97551029920578,2024-04-24 06:44:26.225174
9789,Revés del TC al Gobierno: tumba por unanimidad su recurso contra la ley gallega del litoral de Rueda,EL ESPAÑOL,NO,0.999956488609314,2024-04-24 06:44:26.225174
9790,"PSOE y PP empatarían en las elecciones al Parlamento Europeo del 9 de junio, según el CIS",EL ESPAÑOL,NO,0.9999653100967408,2024-04-24 06:44:26.225174
8304,Guerra Ucrania - Rusia en directo | Rusia lanza un ataque con drones sobre el puerto de Odesa,RTVE,NO,0.9999713897705078,2024-04-23 10:44:36.905560
8305,"Premios Platino 2024: Elena Sánchez y Ana Mena, espectaculares",RTVE,NO,0.9999423027038574,2024-04-23 10:44:36.905560
9791,El Gobierno intenta que la Iglesia asuma la indemnización a víctimas de abusos sexuales,EL ESPAÑOL,NO,0.9999229907989502,2024-04-24 06:44:26.225174
9792,Imputan a dos guardias civiles por la muerte de un presunto narco en un choque de barcos en Cádiz,EL ESPAÑOL,NO,0.9999706745147704,2024-04-24 06:44:26.225174
8308,El mapa de la guerra: Rusia intensifica el ataque en Járkov y avanza en la región de Donetsk,RTVE,NO,0.9999618530273438,2024-04-23 10:44:36.905560
8309,Ruanda: el país de Paul Kagame va a unas elecciones sin rivales,RTVE,NO,0.9999494552612304,2024-04-23 10:44:36.905560
9793,El juez Calama reabre la investigación sobre el espionaje con Pegasus gracias a datos de Francia,EL ESPAÑOL,NO,0.9999736547470092,2024-04-24 06:44:26.225174
8311,Luis Mateo Díez: 'La gran desgracia de mi vida es no ser un buen bailarín',RTVE,NO,0.55423903465271,2024-04-23 10:44:36.905560
9794,Otegi garantiza que un pacto PNV-PSE no pondrá en riesgo el apoyo de Bildu al Gobierno de Sánchez,EL ESPAÑOL,NO,0.9999600648880004,2024-04-24 06:44:26.225174
8313,"PNV y PSE, llamados a reeditar un gobierno de coalición en el País Vasco con más peso socialista",RTVE,NO,0.9999725818634032,2024-04-23 10:44:36.905560
9798,"Actualidad política, en directo | Bolaños, sobre Bildu: 'Nuestros pactos son el avance de derechos sociales, los de PP y Vox, el blanqueamiento del fascismo'",EL ESPAÑOL,NO,0.9999673366546632,2024-04-24 06:44:26.225174
8318,Elecciones Vascas 2024 | Otegi: 'Las cosas ya han cambiado',RTVE,NO,0.9999698400497437,2024-04-23 10:44:36.905560
8325,"Conflicto Israel - Irán y guerra en Gaza, 19 de abril | EE.UU. niega estar implicado en 'acciones ofensivas' contra Irán y pide una desescalada",RTVE,NO,0.9999725818634032,2024-04-23 10:44:36.905560
8335,Desarticulan la mayor red de narcotráfico del este de la Península,RTVE,NO,0.9999567270278932,2024-04-23 10:44:36.905560
8339,Fraude: la DGT no manda este SMS para que pagues una multa,RTVE,SI,0.9359180331230164,2024-04-23 10:44:36.905560
8340,Resumen del cierre de campaña de las elecciones en el País Vasco: candidatos y líderes nacionales llaman al voto,RTVE,NO,0.9999712705612184,2024-04-23 10:44:36.905560
8341,"Fentanilo: desolación, desamparo y muerte en San Francisco",RTVE,NO,0.999969244003296,2024-04-23 10:44:36.905560
8342,La región de África subsahariana vive su peor ola de calor con cientos de muertos por deshidratación,RTVE,NO,0.9999186992645264,2024-04-23 10:44:36.905560
8343,Italia: detienen a 13 guardias acusados de torturar a reclusos,RTVE,NO,0.9999691247940063,2024-04-23 10:44:36.905560
8394,Ingresa hasta en tres ocasiones en la UCI con solo cinco años por ingerir magdalenas con cannabis,Antena 3 Noticias,NO,0.8916814923286438,2024-04-23 10:44:36.905560
8399,Brutal agresión en Madrid: un hombre recibe tres puñaladas en el abdomen y una en la cara,Antena 3 Noticias,NO,0.9999648332595824,2024-04-23 10:44:36.905560
8401,Video | Un tren completamente en llamas recorre el centro de una ciudad de Canadá,Antena 3 Noticias,NO,0.999250590801239,2024-04-23 10:44:36.905560
8417,"Se fuga el mafioso que está detrás de las amenazas a la heredera al trono de Países Bajos, Amalia de Orange",Antena 3 Noticias,NO,0.9999566078186036,2024-04-23 10:44:36.905560
8424,Un túnel submarino de 1800 kilómetros: el reto de la ingeniería que conectaría la India con Emiratos Árabes,Antena 3 Noticias,NO,0.9999598264694214,2024-04-23 10:44:36.905560
9872,¡Comienza la lucha por el título para Casademont Zaragoza!,COPE,NO,0.996216118335724,2024-04-24 06:44:26.225174
8428,"Las vueltas que da la vida: David Pecker, amigo de Donald Trump, declara en el juicio contra el expresidente",Antena 3 Noticias,SI,0.9995224475860596,2024-04-23 10:44:36.905560
9873,RTVE publica hoy las bases específicas del proceso de oposiciones y el período de inscripción se abrirá el miércoles,COPE,NO,0.9999498128890992,2024-04-24 06:44:26.225174
9874,Águilas recupera el libro del padrón municipal de habitantes de 1905 tras su restauración,COPE,NO,0.9998051524162292,2024-04-24 06:44:26.225174
9875,"La historia de Adoración, una cirujana que fue a ayudar a Etiopía: 'Ha ejercido una labor estupenda'",COPE,SI,0.9999500513076782,2024-04-24 06:44:26.225174
9876,"Las novedades del caso Pegasus o la sesión de control al Gobierno antes de las catalanas, claves del día",COPE,SI,0.7160876989364624,2024-04-24 06:44:26.225174
9877,Cortada la A-15 entre Zizur y Landaben por el incendio de un camión,COPE,NO,0.999966025352478,2024-04-24 06:44:26.225174
8434,Investigan presuntas violaciones a menores en una iglesia evangélica de Madrid,Antena 3 Noticias,NO,0.999959111213684,2024-04-23 10:44:36.905560
9878,El Auditorio de Zaragoza acogerá la tercera edición de los 'Premios Valores COPE Aragón',COPE,NO,0.9999679327011108,2024-04-24 06:44:26.225174
9879,Radovic: 'Sueño con levantar la Champions',COPE,NO,0.9999486207962036,2024-04-24 06:44:26.225174
9880,Diecisiete bancos con valores se unen al tratado para poner fin al uso de combustibles fósiles,COPE,NO,0.9999715089797974,2024-04-24 06:44:26.225174
9881,"Un cliente va a desayunar a un bar de Oviedo, pide un café y no da crédito a la cuenta: 'Los últimos años...'",COPE,SI,0.6631789803504944,2024-04-24 06:44:26.225174
9882,"El policía Luis Andrés Samperio, otro cántabro asesinado por ETA: 'Perdonar es muy difícil'",COPE,NO,0.9998995065689088,2024-04-24 06:44:26.225174
9883,O.Próximo.- EEUU muestra su apoyo a las recomendaciones de la investigación sobre la UNRWA,COPE,NO,0.9999693632125854,2024-04-24 06:44:26.225174
9884,"Feijóo pregunta hoy a Sánchez en el Congreso 'a quién escucha como presidente' y Abascal, por la inmigración ilegal",COPE,NO,0.952244997024536,2024-04-24 06:44:26.225174
9885,El PP insta al Gobierno a rectificar las tarjetas monedero que excluyen a 40.000 almerienses,COPE,SI,0.9572679400444032,2024-04-24 06:44:26.225174
8444,Golpe al narco en el sur de España: 63 detenidos y 13 narcolanchas y 12.000 l de gasolina incautados,EL ESPAÑOL,NO,0.9999712705612184,2024-04-23 10:44:36.905560
9886,El PP pregunta hoy a Bolaños en el Congreso si el Gobierno seguirá pactando con Bildu tras criticarlo en campaña,COPE,SI,0.979671061038971,2024-04-24 06:44:26.225174
8447,"Actualidad política, en directo | Otegi garantiza que un pacto PNV-PSE no pondrá en riesgo su relación con el Gobierno de Sánchez",EL ESPAÑOL,NO,0.9999656677246094,2024-04-23 10:44:36.905560
9887,O.Próximo.- Israel dice que el paquete de ayuda aprobado por EEUU 'es un testimonio claro de la fortaleza' de su alianza,COPE,NO,0.9999719858169556,2024-04-24 06:44:26.225174
9888,El primer sonido del día de Carlos Herrera: el caso Pegasus vuelve a poner a Pedro Sánchez bajo el foco,COPE,SI,0.9989948868751526,2024-04-24 06:44:26.225174
9889,Atendidos tres intoxicados por inhalación de humo en el incendio de un garaje en San Sebastián de los Reyes,COPE,NO,0.9999698400497437,2024-04-24 06:44:26.225174
9890,Línea Editorial COPE: La unidad de la oposición venezolana,COPE,NO,0.9999446868896484,2024-04-24 06:44:26.225174
9891,Un vecino de Mallorca no deja de llorar en su casa y pasa una nota por debajo de la puerta: 'Un poquito dolió',COPE,SI,0.9996090531349182,2024-04-24 06:44:26.225174
9892,Salvador Illa vuelve al Parlamento por el caso Koldo con las elecciones catalanas pisándole los talones,COPE,NO,0.9997574687004088,2024-04-24 06:44:26.225174
9893,"Previsión meteorológica para este miércoles, 24 de abril: cielos despejados y temperaturas máximas en ascenso",COPE,NO,0.9999622106552124,2024-04-24 06:44:26.225174
9894,2 años para aterrizar el Pacto Europeo de Migración y Asilo,COPE,NO,0.9999121427536012,2024-04-24 06:44:26.225174
9895,Ucrania.- Zelenski agradece la aprobación del paquete de ayuda a Ucrania por parte del Senado de EEUU,COPE,NO,0.9999650716781616,2024-04-24 06:44:26.225174
9896,BonoLoto: resultados del 23 de abril de 2024,COPE,NO,0.9999642372131348,2024-04-24 06:44:26.225174
9897,"Illa dio prioridad a la empresa de la trama PSOE-Koldo y aceptó mascarillas de 1,13 euros pese a ofertas a 0,41",Libertad Digital,SI,0.924399733543396,2024-04-24 06:44:26.225174
9898,La sombra de la corrupción avanza: un funcionario denuncia mentiras en la adjudicación de obras del Gobierno de Chivite,Libertad Digital,NO,0.9999712705612184,2024-04-24 06:44:26.225174
9899,El caso PSOE-Koldo impacta en la UE: Sánchez recibe la advertencia expresa por la corrupción con las mascarillas,Libertad Digital,NO,0.9999645948410034,2024-04-24 06:44:26.225174
9900,El PSOE rechaza reconocer la labor de las Fuerzas y Cuerpos de Seguridad del Estado en Cataluña,Libertad Digital,NO,0.9953004121780396,2024-04-24 06:44:26.225174
9901,El Congreso vuelve a respaldar por unanimidad la ley ELA tras '776 días perdidos' por la negativa del PSOE,Libertad Digital,NO,0.9985672235488892,2024-04-24 06:44:26.225174
9902,El juez que archivó la amenaza con bomba falsa al juez Aguirre sin investigar asume provisionalmente el caso Voloh,Libertad Digital,NO,0.9999465942382812,2024-04-24 06:44:26.225174
9903,La Junta de Fiscales 'controlada' por García Ortiz estudiará la investigación de la filtración contra el novio de Ayuso,Libertad Digital,NO,0.9999339580535888,2024-04-24 06:44:26.225174
9904,El Gobierno llega a un acuerdo con Navarra para quitar Tráfico a la Guardia Civil,Libertad Digital,NO,0.9999362230300904,2024-04-24 06:44:26.225174
9905,"Pacific Skies 2024: cazas y aviones militares de España, Francia y Alemania se unen para dar la vuelta al mundo",Libertad Digital,NO,0.9999712705612184,2024-04-24 06:44:26.225174
9906,El PSOE culpa ahora a Yolanda Díaz de 'aupar' a Bildu,Libertad Digital,SI,0.924426257610321,2024-04-24 06:44:26.225174
9907,Feijóo desdeña las críticas y defiende que el PP debe 'tener más presencia' en el País Vasco y Cataluña,Libertad Digital,NO,0.9831470847129822,2024-04-24 06:44:26.225174
9908,"¿Quién es Karim Bouyakhrichan, el cabecilla de la Mocro Maffia fugado en España?",Libertad Digital,SI,0.9997521042823792,2024-04-24 06:44:26.225174
9909,Enfado monumental de la Policía ante la fuga del líder de la Mocro Maffia por culpa de la Justicia: 'Es un escándalo',Libertad Digital,NO,0.9999055862426758,2024-04-24 06:44:26.225174
9910,Los datos de la formación de militares ucranianos en España: más de 4.000 efectivos en 20 meses,Libertad Digital,NO,0.9999446868896484,2024-04-24 06:44:26.225174
9911,La Audiencia Nacional reabre la investigación del espionaje a Sánchez con Pegasus tras recibir información de Francia,Libertad Digital,NO,0.9999715089797974,2024-04-24 06:44:26.225174
8544,Juanma Castaño compara a Joan Laporta y Florentino Pérez por el vídeo después del Clásico: 'Es más listo',COPE,SI,0.8122251629829407,2024-04-23 10:44:36.905560
8545,La Champions para el Athletic pasa por el Metropolitano,COPE,NO,0.999967098236084,2024-04-23 10:44:36.905560
8546,El Gobierno foral y el Ayuntamiento de Caparroso suscriben un protocolo para la reforma de la intersección de la NA-128,COPE,NO,0.9999520778656006,2024-04-23 10:44:36.905560
8547,"Asturias despliega su despensa en el Gourmets: 'No solo hay que tenerlo, hay que contarlo'",COPE,NO,0.9999399185180664,2024-04-23 10:44:36.905560
8548,Vox ve la comisión del Congreso sobre mascarillas como un 'teatrillo' para que PP y PSOE 'se tiren trastos a la cabeza',COPE,SI,0.9990788698196412,2024-04-23 10:44:36.905560
8549,"La rentabilidad de la vivienda se sitúa en el 7% en Asturias en el primer trimestre del año, según Fotocasa",COPE,NO,0.9999666213989258,2024-04-23 10:44:36.905560
8550,Ingresa en el hospital un hombre 57 años tras ser atropellado por su propio tractor en Tomelloso,COPE,NO,0.9998879432678224,2024-04-23 10:44:36.905560
8551,Esteban (PNV) dice que Sánchez no está 'muy al corriente' de la saturación por los menores extranjeros no acompañados,COPE,NO,0.9994712471961976,2024-04-23 10:44:36.905560
8552,Sanitarios se concentran contra la 'nefasta' política de Gómez: 'Exprime a los trabajadores sin reforzar plantilla',COPE,NO,0.9999339580535888,2024-04-23 10:44:36.905560
8553,Vox abre expediente a tres de sus cuatro concejales en Albacete por su abstención a los presupuestos,COPE,NO,0.9999722242355348,2024-04-23 10:44:36.905560
8554,El Ayuntamiento de Palma presenta el anteproyecto para reformar y peatonalizar la plaza Juan Carlos I,COPE,NO,0.9999619722366332,2024-04-23 10:44:36.905560
8555,Aragonès afirma que pedirán 'todas las responsabilidades' si hubo corrupción en el 'caso Koldo',COPE,NO,0.9999487400054932,2024-04-23 10:44:36.905560
8556,"Estrada (CUP) emplaza a Aragonès, Puigdemont y Albiach a blindar la inmersión lingüística",COPE,NO,0.9999706745147704,2024-04-23 10:44:36.905560
8557,PSOE-A aspira a tener en las listas de las elecciones europeas del 9J 'la misma representación' que en las de 2019,COPE,NO,0.999966025352478,2024-04-23 10:44:36.905560
8558,"Begoña, obligada a volver a casa de sus padres a los 37 años por el inasumible alquiler en Valencia: 'Rabia'",COPE,NO,0.9980261921882628,2024-04-23 10:44:36.905560
8559,"Mari Ángeles, enfermera en Andalucía: 'La pandemia estará siempre en nuestra retina y nuestro corazón'",COPE,NO,0.9999450445175172,2024-04-23 10:44:36.905560
8560,"Natación.- Oro de Íñigo Llopis, Nuria Marqués y el relevo 4x50 libres en el Europeo de natación paralímpica",COPE,NO,0.9999510049819946,2024-04-23 10:44:36.905560
8561,Un juzgado militar de Madrid investiga la muerte de un cabo en unos ejercicios en Polonia,COPE,NO,0.999972939491272,2024-04-23 10:44:36.905560
8562,"El extremeño Vicente Martín, nombrado obispo auxiliar de Madrid",COPE,NO,0.9999699592590332,2024-04-23 10:44:36.905560
8563,VÍDEO: Guilarte plantea mantener sistema actual de elección del CGPJ si los vocales no tienen 'contaminación política',COPE,NO,0.999786913394928,2024-04-23 10:44:36.905560
8564,"Agenda A Coruña hoy martes, 23 de abril de 2024",COPE,NO,0.999953269958496,2024-04-23 10:44:36.905560
8565,"Eva y Goyo, sanitarios rurales en Navarra: 'Aquí cuando se muere un paciente, se muere un amigo'",COPE,NO,0.9997991919517516,2024-04-23 10:44:36.905560
8566,"Los sacerdotes Vicente Martín y José Antonio Álvarez, nuevos obispos auxiliares de Madrid",COPE,NO,0.9999667406082152,2024-04-23 10:44:36.905560
8567,La opinión de Dobarro sobre el Deportivo: “Este ascenso ya no se pone en duda”,COPE,NO,0.9993069171905518,2024-04-23 10:44:36.905560
8568,Cuando Pedro Sánchez atacaba al PP diciendo que 'patriotismo es pagar impuestos' en España,COPE,SI,0.9965356588363647,2024-04-23 10:44:36.905560
8569,'Por unos segundos la justicia fue a alojarse en la voz lacónica' del reo Koldo,Libertad Digital,SI,0.9886875152587892,2024-04-23 10:44:36.905560
8570,Puigdemont supera con claridad a ERC y crecen sus opciones de volver a la Generalidad,Libertad Digital,NO,0.9993465542793274,2024-04-23 10:44:36.905560
8572,Todo lo que Illa olvidó en la comisión: conocía la empresa de la trama del PSOE en los mayores contratos,Libertad Digital,SI,0.999908447265625,2024-04-23 10:44:36.905560
